Symbol,Name,Last,Change,%Chg,Open,High,Low,Volume,Time
A,Agilent Technologies,81.97,4.9,6.36%,77.31,82,77.24,3407500,03/02/2020
AA,Alcoa Corp,13.73,-0.14,-1.01%,14.02,14.03,13.11,6784800,03/02/2020
AAL,American Airlines Gp,18.86,-0.19,-1.00%,19.05,19.06,17.51,38737898,03/02/2020
AAP,Advance Auto Parts Inc,132.99,0.01,0.01%,133.45,133.45,128.04,1402900,03/02/2020
AAPL,Apple Inc,298.81,25.45,9.31%,282.28,301.44,277.72,85349297,03/02/2020
ABBV,Abbvie Inc,88.69,2.98,3.48%,86,88.78,83.55,12171000,03/02/2020
ABC,Amerisourcebergen Corp,87.16,2.84,3.37%,84.53,88.32,83.89,4527900,03/02/2020
ABMD,Abiomed Inc,155.1,4.84,3.22%,151.09,155.49,148.03,743600,03/02/2020
ABT,Abbott Laboratories,81.61,4.58,5.95%,77.88,81.68,77.25,11483500,03/02/2020
ACC,American Campus Communities Inc,44.02,0.58,1.34%,43.7,44.32,43.05,1282100,03/02/2020
ACGL,Arch Capital Grp Ltd,42.49,2.06,5.10%,40.5,42.54,40.26,1657600,03/02/2020
ACHC,Acadia Healthcr Company,29.92,0.32,1.10%,29.81,30.08,29.05,1204300,03/02/2020
ACM,Aecom Technology Corp,45.65,0.71,1.58%,45.12,45.77,43.87,2613900,03/02/2020
ACN,Accenture Plc,189.55,8.96,4.96%,182.83,189.82,178.02,4317900,03/02/2020
ADBE,Adobe Systems Inc,360.28,15.16,4.39%,349.81,360.75,342.61,5398100,03/02/2020
ADI,Analog Devices,111.27,2.22,2.04%,110.09,111.44,107.24,3979500,03/02/2020
ADM,Archer Daniels Midland,38.84,1.19,3.16%,38.19,38.84,37.57,4829200,03/02/2020
ADP,Automatic Data Procs,163,8.26,5.34%,155.55,163.09,154.24,3194600,03/02/2020
ADPT,Adaptive Biotechnologies Corp,26.8,-1.3,-4.63%,28.45,28.5,26.33,1437800,03/02/2020
ADS,Alliance Data Systems Corp,86.07,0.19,0.22%,86.73,86.73,82.1,1697700,03/02/2020
ADSK,Autodesk Inc,190.83,-0.05,-0.03%,190.67,191.97,183.27,2698900,03/02/2020
ADT,ADT Inc,6.6,0.21,3.29%,6.38,6.6,6.03,2037300,03/02/2020
AEE,Ameren Corp,84.42,5.42,6.86%,79.29,84.46,79.15,2835700,03/02/2020
AEP,American Electric Power Company,95.09,5.83,6.53%,89.55,95.31,89.33,4936200,03/02/2020
AES,The Aes Corp,18.22,1.49,8.91%,16.77,18.24,16.48,8987900,03/02/2020
AFG,American Financial Group,97.4,4.98,5.39%,93.28,97.4,92.36,924800,03/02/2020
AFL,Aflac Incorporated,45.29,2.44,5.69%,43.12,45.3,42.92,6569000,03/02/2020
AGCO,Agco Corp,63.6,3.17,5.25%,60.82,63.62,60.01,686600,03/02/2020
AGIO,Agios Pharmaceuticals,49.34,1.86,3.92%,47.3,49.35,45.85,649200,03/02/2020
AGN,Allergan Plc,193.84,3.17,1.66%,190.67,193.84,188.46,3775600,03/02/2020
AGNC,American Capital Age,18.15,1.11,6.51%,17.29,18.15,17.18,16209500,03/02/2020
AGO,Assured Guaranty Ltd,42.53,1.72,4.21%,40.72,42.61,40.65,1157100,03/02/2020
AGR,Avangrid Inc,52,2.31,4.65%,49.83,52.06,49.83,796300,03/02/2020
AIG,American International Group,42.85,0.69,1.64%,42.11,42.89,41.43,10262100,03/02/2020
AIV,Apartment Investment and Management,49.49,1.65,3.45%,47.95,49.52,47.61,2417900,03/02/2020
AIZ,Assurant Inc,127.89,7.3,6.05%,120.8,127.95,120.61,553200,03/02/2020
AJG,Arthur J. Gallagher & Company,103.51,6.02,6.17%,97.82,103.59,97.82,1815400,03/02/2020
AKAM,Akamai Technologies,90.91,4.4,5.09%,87.31,90.92,86.6,1726800,03/02/2020
AL,Air Lease Corp Cl A,39.2,0.84,2.19%,38.64,39.38,37.87,1651700,03/02/2020
ALB,Albemarle Corp,84.3,2.45,2.99%,82.49,84.3,80.15,1661300,03/02/2020
ALGN,Align Technology,230.22,11.87,5.44%,219.27,230.49,212.94,1325300,03/02/2020
ALK,Alaska Air Group,50.03,-0.43,-0.85%,50.85,51.3,48.38,3075000,03/02/2020
ALKS,Alkermes Plc,21.24,0.4,1.92%,20.9,21.28,20,3491700,03/02/2020
ALL,Allstate Corp,112.67,7.42,7.05%,104.59,112.76,104.59,2794600,03/02/2020
ALLE,Allegion Plc,120.86,5.87,5.10%,115.36,120.86,114.73,912600,03/02/2020
ALLY,Ally Financial,25.62,0.55,2.19%,25.22,25.63,24.74,4887700,03/02/2020
ALNY,Alnylam Pharmaceuticals,114.78,-2.88,-2.45%,118.89,119.42,111.01,1032500,03/02/2020
ALSN,Allison Transmission Holdings,41.5,0.9,2.22%,40.71,41.56,39.78,1116300,03/02/2020
ALXN,Alexion Pharm Inc,96.16,2.13,2.27%,90.48,96.48,90.48,3570900,03/02/2020
AM,Antero Midstream Corp,4.44,0.08,1.83%,4.45,4.5,4.01,7996100,03/02/2020
AMAT,Applied Materials,60.16,2.04,3.51%,58.7,60.19,57,10795200,03/02/2020
AMCX,Amc Networks Cl A,31.07,0.07,0.23%,30.9,32.34,29.9,1386400,03/02/2020
AMD,Adv Micro Devices,47.46,1.98,4.35%,47.42,47.68,44.66,102324703,03/02/2020
AME,Amtek Inc,90.02,4.02,4.67%,86.53,90.43,86.07,3211400,03/02/2020
AMG,Affiliated Managers Group,78.36,3.14,4.17%,75.67,78.6,74.28,816600,03/02/2020
AMGN,Amgen Inc,212.2,12.47,6.24%,199.9,212.37,198.71,4245700,03/02/2020
AMH,American Homes 4 Rent,27.38,1.49,5.76%,26.04,27.38,25.93,3718500,03/02/2020
AMP,Ameriprise Financial Services,150.86,9.56,6.77%,142.13,150.89,139.49,1482600,03/02/2020
AMT,American Tower Corp,240.75,13.95,6.15%,229.03,240.88,228.08,2718400,03/02/2020
AMTD,TD Ameritrade HD,43.67,1.44,3.41%,42.45,43.78,41.13,8546800,03/02/2020
AMZN,Amazon.com Inc,1953.95,70.2,3.73%,1906.49,1954.51,1870,6761600,03/02/2020
AN,Autonation Inc,44.03,1.3,3.04%,42.88,44.15,41.99,862800,03/02/2020
ANAT,Amer Natl Insurance,100.61,2.25,2.29%,98.38,101.6,97.68,42800,03/02/2020
ANET,Arista Networks Inc,196.59,3.47,1.80%,194.68,197.18,190.15,916400,03/02/2020
ANSS,Ansys Inc,258.81,16.62,6.86%,242.08,259.08,241.51,1386600,03/02/2020
ANTM,Anthem Inc,271.27,14.18,5.52%,259.6,272.19,250.38,3317600,03/02/2020
AON,AON Plc,221.06,13.06,6.28%,208.78,221.23,208.6,2083000,03/02/2020
AOS,Smith [A.O.] Corp,41,1.45,3.67%,39.73,41.03,38.7,3068200,03/02/2020
APA,Apache Corp,25.52,0.6,2.41%,25.49,25.89,24.65,8986899,03/02/2020
APD,Air Products and Chemicals,230.65,11.04,5.03%,221.09,230.84,220.63,1625400,03/02/2020
APH,Amphenol Corp,94.93,3.25,3.54%,92.41,94.95,90.61,2539800,03/02/2020
APLE,Apple Hospitality REIT Inc,13.19,0.12,0.92%,13.14,13.2,12.86,4188000,03/02/2020
APTV,Aptiv Plc,82.17,4.06,5.20%,78.71,82.18,77.63,2572200,03/02/2020
APY,Apergy Corp,19.69,1.09,5.86%,18.81,19.71,18.16,961500,03/02/2020
AR,Antero Resources Corp,1.47,-0.13,-8.13%,1.68,1.69,1.44,12882500,03/02/2020
ARD,Ardagh Group S.A.,18.1,0.57,3.25%,17.67,18.1,17.17,143000,03/02/2020
ARE,Alexandria Real Estate Equities,155.58,3.7,2.44%,152.89,155.95,151.39,1201500,03/02/2020
ARMK,Aramark Holdings Corp,34.42,-0.32,-0.92%,34.79,35.01,33.09,3199800,03/02/2020
ARNC,Arconic Inc,29.95,0.6,2.04%,29.48,29.95,28.98,7372000,03/02/2020
ARW,Arrow Electronics,68.81,1.75,2.61%,67.72,68.87,65.8,707100,03/02/2020
ASB,Associated Banc-Corp,17.7,0.77,4.55%,16.99,17.72,16.7,2008800,03/02/2020
ASH,Ashland Global Holdings Inc,73.05,1.51,2.11%,71.91,73.1,70.57,739400,03/02/2020
ATH,Athene Holding Ltd,42.25,1,2.42%,41.5,42.27,40.65,2978300,03/02/2020
ATO,Atmos Energy Corp,107.89,4.64,4.49%,103.71,108.31,103.31,1877400,03/02/2020
ATR,Aptargroup,103.58,2.51,2.48%,101.62,103.76,100.81,331700,03/02/2020
ATUS,Altice USA Inc Cl A,26.21,0.35,1.35%,25.95,26.24,25.58,9284199,03/02/2020
ATVI,Activision Blizzard,60.59,2.46,4.23%,58.3,60.65,57.91,9483000,03/02/2020
AVB,Avalonbay Communities,209.67,9.08,4.53%,201.76,209.67,199.81,1275700,03/02/2020
AVGO,Broadcom Ltd,284.97,12.35,4.53%,276.76,285.4,271.15,3197600,03/02/2020
AVLR,Avalara Inc,84.99,0.24,0.28%,84.75,85.88,80.67,1166800,03/02/2020
AVT,Avnet Inc,31.52,0.84,2.74%,30.73,31.54,30.25,1037300,03/02/2020
AVTR,Avantor Inc,16,0.25,1.59%,15.78,16.05,15.43,1938800,03/02/2020
AVY,Avery Dennison Corp,120.01,5.52,4.82%,114.73,120.05,112.72,951400,03/02/2020
AWI,Armstrong World Industries Inc,103.97,3.82,3.81%,100.78,104.08,98.65,443700,03/02/2020
AWK,American Water Works,130.84,7.18,5.81%,124.33,130.94,124.08,1860300,03/02/2020
AXP,American Express Company,113.87,3.94,3.58%,111.11,113.99,108.59,9851600,03/02/2020
AXS,Axis Capital Holdings,58.68,2.56,4.56%,55.66,58.76,55.21,867100,03/02/2020
AXTA,Axalta Coating Systems Ltd,25.23,0.31,1.24%,25.05,25.26,24.59,5382300,03/02/2020
AYI,Acuity Brands Inc,102.59,-0.27,-0.26%,103.43,103.43,100.07,547400,03/02/2020
AYX,Alteryx Inc,145.17,5.55,3.98%,142.61,145.24,137.55,2156000,03/02/2020
AZO,Autozone,1046.89,14.38,1.39%,1042,1051.29,1013.34,488100,03/02/2020
AZPN,Aspen Technology,109.03,2.52,2.37%,107.72,109.23,102.72,730400,03/02/2020
BA,Boeing Company,289.27,14.16,5.15%,279.54,291.71,274.29,11012199,03/02/2020
BAC,Bank of America Corp,29.37,0.87,3.05%,28.35,29.38,27.44,147776313,03/02/2020
BAH,Booz Allen Hamilton Holding Corp,74.05,2.75,3.86%,71.48,74.06,71.12,2485900,03/02/2020
BAX,Baxter International Inc,87.18,3.71,4.44%,83.37,87.23,82.9,3370500,03/02/2020
BBY,Best Buy Company,79.61,3.96,5.23%,76.25,79.62,74.31,3898500,03/02/2020
BC,Brunswick Corp,54.03,0.83,1.56%,53.39,54.16,52.41,988700,03/02/2020
BDN,Brandywine Realty Trust,14.16,0.58,4.27%,13.65,14.19,13.51,1687400,03/02/2020
BDX,Becton Dickinson and Company,245.32,7.5,3.15%,237.84,245.32,234.05,2234200,03/02/2020
BEN,Franklin Resources,23.35,1.59,7.31%,21.95,23.36,21.73,8850899,03/02/2020
BERY,Berry Global Group,38.34,0.38,1.00%,38.07,38.35,36.89,2426400,03/02/2020
BF.A,Brown Forman Inc Cl A,60.65,1.96,3.34%,59.23,61.01,57.53,31100,03/02/2020
BFAM,Bright Horizons Family Solutions Inc,159.37,2.22,1.41%,157.41,162.9,155.12,631400,03/02/2020
BF.B,Brown Forman Inc Cl B,64.32,2.91,4.74%,61.38,64.44,60.96,1160500,03/02/2020
BG,Bunge Ltd,49.03,2.08,4.43%,47.21,49.19,47.06,1794500,03/02/2020
BGCP,Bgc Partners Cl A,4.84,0.18,3.86%,4.67,4.86,4.61,2601200,03/02/2020
BHF,Brighthouse Financial Inc,37.46,1.62,4.52%,36.15,37.52,35.13,1497700,03/02/2020
BIIB,Biogen Inc,327.89,19.5,6.32%,308.64,328.23,307.83,2364900,03/02/2020
BIO,Bio-Rad Laboratories,368.95,16.93,4.81%,353.83,369.44,344.02,264100,03/02/2020
BK,Bank of New York Mellon Corp,40.96,1.06,2.66%,40.03,40.96,39.2,11490600,03/02/2020
BKI,Black Knight Inc,69.17,2.46,3.69%,66.58,69.27,65.46,1396500,03/02/2020
BKNG,Booking Holdings Inc,1728.98,33.32,1.97%,1697.94,1732.92,1651.76,869400,03/02/2020
BKR,Baker Hughes A Ge Co. Cl A,17.17,1.08,6.71%,16.39,17.19,15.89,10606600,03/02/2020
BKU,BankUnited Inc,30.9,1.2,4.04%,29.56,30.95,29.48,1578700,03/02/2020
BLK,Blackrock,487.94,24.93,5.38%,467.14,488.18,461.57,1278200,03/02/2020
BLL,Ball Corp,75.17,4.71,6.68%,70.92,75.2,70.79,2610800,03/02/2020
BLUE,Bluebird Bio,73.84,1.51,2.09%,72.97,74.06,69.63,930900,03/02/2020
BMRN,Biomarin Pharmaceuticals,94.4,4.03,4.46%,91.15,94.54,90.16,2360300,03/02/2020
BMY,Bristol-Myers Squibb Company,60.34,1.28,2.17%,59.57,60.78,58.68,19500299,03/02/2020
BOH,Bank of Hawaii Corp,77.98,3.56,4.78%,74.51,78.06,74.19,258000,03/02/2020
BOKF,Bok Financial Corp,74.7,2.3,3.18%,72.14,74.87,71.32,235200,03/02/2020
BPOP,Popular Inc,49.99,2.01,4.19%,48.04,50.1,47.74,692200,03/02/2020
BPR,Brookfield Property REIT Inc,16.31,-0.32,-1.92%,16.28,16.4,15.79,4787200,02/28/20
BR,Broadridge Financial Solutions Llc,106.25,1.89,1.81%,105.51,107.21,103.58,2429000,03/02/2020
BRK.B,Berkshire Hathaway Cl B,217.63,11.29,5.47%,207.25,218.8,204.43,10408100,03/02/2020
BRKR,Bruker Corp,45.6,2.04,4.68%,43.89,45.63,43.06,843200,03/02/2020
BRO,Brown & Brown,45.44,2.43,5.65%,43.59,45.57,43.35,3366900,03/02/2020
BRX,Brixmor Property Group Inc,18.65,0.44,2.42%,18.3,18.65,17.9,3587800,03/02/2020
BSX,Boston Scientific Corp,38.27,0.88,2.35%,37.6,38.27,36.71,14333700,03/02/2020
BURL,Burlington Stores Inc,218.41,2.15,0.99%,217.17,219.23,210.32,853100,03/02/2020
BWA,Borgwarner Inc,32.33,0.73,2.31%,31.5,32.33,30.89,4148100,03/02/2020
BWXT,Bwx Technologies Inc,55.47,0.63,1.15%,55.58,55.7,54.06,1219000,03/02/2020
BXP,Boston Properties,134.54,5.6,4.34%,129.63,134.55,128.43,1327800,03/02/2020
BYND,Beyond Meat Inc,96.1,6.45,7.19%,95,96.8,90.3,7240400,03/02/2020
C,Citigroup Inc,67.59,4.13,6.51%,63.85,67.61,63.12,29006400,03/02/2020
CABO,Cable One Inc,1625.28,52.26,3.32%,1578.73,1635.72,1554,43900,03/02/2020
CACC,Credit Acceptance,397.77,-5.43,-1.35%,407.23,409.46,390.15,252000,03/02/2020
CACI,Caci International,251.13,6.11,2.49%,245.1,251.21,239.02,189800,03/02/2020
CAG,Conagra Brands Inc,28.24,1.55,5.81%,26.86,28.3,26.73,8239900,03/02/2020
CAH,Cardinal Health,54.02,1.9,3.65%,52.31,54.02,51.77,4630300,03/02/2020
CASY,Casey's General Stor,163.77,0.75,0.46%,163.6,165.71,160.68,515100,03/02/2020
CAT,Caterpillar Inc,127.6,3.36,2.70%,125.05,127.88,123,6100100,03/02/2020
CB,Chubb Ltd,151.81,6.78,4.67%,145.13,152.14,145.01,3069400,03/02/2020
CBOE,CBOE Global Markets Inc,118.18,4.18,3.67%,112.42,118.18,112.42,1232900,03/02/2020
CBRE,CBRE Group Inc,58.19,2.05,3.65%,56.28,58.19,55.54,1817300,03/02/2020
CBSH,Commerce Bancshares,63.43,2.39,3.92%,60.94,63.49,60.38,667100,03/02/2020
CBT,Cabot Corp,38.61,1.23,3.29%,37.59,38.66,36.41,541000,03/02/2020
CC,Chemours Company,14.43,-0.43,-2.89%,14.95,15,13.57,5094300,03/02/2020
CCI,Crown Castle International Corp,156.24,12.95,9.04%,143.93,156.52,143.82,4077800,03/02/2020
CCK,Crown Cork & Seal Company,74.21,3.71,5.26%,71.06,74.25,70.75,1750200,03/02/2020
CCL,Carnival Corp,33.06,-0.4,-1.20%,32.71,33.06,31.25,19716199,03/02/2020
CDAY,Ceridian Hcm Holding Inc,74.21,3.48,4.92%,71.6,74.44,70.26,2283400,03/02/2020
CDEV,Centennial Resource Development Inc,2.17,-0.2,-8.44%,2.45,2.45,2.09,6932400,03/02/2020
CDK,Cdk Global Inc,45.65,-0.37,-0.80%,46.12,46.19,44.65,893200,03/02/2020
CDNS,Cadence Design Sys,68.36,2.22,3.36%,66.66,68.38,65.01,2711100,03/02/2020
CDW,CDW Corp,119.98,5.76,5.04%,115.07,119.98,113.13,2087700,03/02/2020
CE,Celanese Corp,96.37,2.63,2.81%,94.09,96.6,92.72,1434600,03/02/2020
CERN,Cerner Corp,72.55,3.28,4.74%,69.51,72.59,69.22,3180100,03/02/2020
CF,Cf Industries Holdings,38.22,1.36,3.69%,37.28,38.27,36.98,4818800,03/02/2020
CFG,Citizens Financial Group Inc/Ri,33.32,1.63,5.14%,31.68,33.34,31.16,8307801,03/02/2020
CFR,Cullen/Frost Bankers,81.82,3.43,4.38%,78.56,81.85,77.06,560500,03/02/2020
CFX,Colfax Corp,34.24,0.77,2.30%,33.86,34.26,32.36,1387300,03/02/2020
CGNX,Cognex Cp,46.35,1.81,4.06%,44.95,46.37,43.91,2074500,03/02/2020
CHD,Church & Dwight Company,74.96,5.44,7.83%,69.83,75.04,69.53,3901200,03/02/2020
CHE,Chemed Inc,450.06,32.44,7.77%,406.1,454.41,403.94,329100,03/02/2020
CHH,Choice Hotels International,94.35,3.07,3.36%,91.63,94.39,89.08,545300,03/02/2020
CHK,Chesapeake Energy Corp,0.22,-0.06,-20.91%,0.29,0.3,0.22,268773313,03/02/2020
CHNG,Change Healthcare Inc,14.33,0.74,5.45%,13.69,14.42,13.64,12080800,03/02/2020
CHRW,C.H. Robinson Ww,70.09,1.19,1.73%,69.03,70.12,68.38,1786100,03/02/2020
CHTR,Charter Communicatio,497.13,3.96,0.80%,494.47,500.7,490.34,2951700,03/02/2020
CI,Cigna Corp,194.34,11.4,6.23%,183.41,194.54,180.41,3901200,03/02/2020
CIEN,Ciena Corp,39.66,1.21,3.15%,38.86,39.72,37.89,1461500,03/02/2020
CIM,Chimera Investment Corp,21.1,1.45,7.38%,19.82,21.11,19.8,3521700,03/02/2020
CINF,Cincinnati Financial,101.36,8.12,8.71%,94,101.62,92.14,1528600,03/02/2020
CIT,Cit Group Inc,40.64,0.93,2.34%,39.67,40.72,38.7,1258000,03/02/2020
CL,Colgate-Palmolive Company,72.44,4.87,7.21%,68.51,72.56,68.51,7940700,03/02/2020
CLGX,Corelogic,48.29,2.92,6.44%,45.75,48.32,45.37,644400,03/02/2020
CLH,Clean Harbors,72.68,3.16,4.55%,69.79,72.72,68.9,583300,03/02/2020
CLNY,Colony Capital Inc,4.31,0.35,8.84%,3.98,4.35,3.91,3877400,03/02/2020
CLR,Continental Resources,18.09,-0.86,-4.54%,19.09,19.19,17.49,8723300,03/02/2020
CLX,Clorox Company,172.01,12.59,7.90%,163.1,172.1,162.81,3753300,03/02/2020
CMA,Comerica Inc,55.02,2.38,4.52%,52.6,55.02,51.71,3255100,03/02/2020
CMCSA,Comcast Corp A,42.52,2.09,5.17%,40.34,42.53,39.4,40006898,03/02/2020
CMD,Cantel Medical,62.57,-0.53,-0.84%,63.24,63.83,61.03,568500,03/02/2020
CME,CME Group Inc,209.4,10.58,5.32%,198.46,210.33,198.37,3768400,03/02/2020
CMG,Chipotle Mexican Grill,768.81,-4.77,-0.62%,780.9,781.57,739.9,869600,03/02/2020
CMI,Cummins Inc,155.66,4.37,2.89%,151.56,155.94,149.01,1794300,03/02/2020
CMS,Cms Energy Corp,64.14,3.72,6.16%,60.6,64.15,60.56,3386600,03/02/2020
CNA,Cna Financial Corp,44.58,3,7.22%,41.59,44.59,41.51,441400,03/02/2020
CNC,Centene Corp,55.44,2.42,4.56%,53.51,55.6,51.55,9814899,03/02/2020
CNK,Cinemark Holdings Inc,24.74,-1.22,-4.70%,26.1,26.16,23.82,3766200,03/02/2020
CNP,Centerpoint Energy Inc,23.75,0.73,3.17%,23.08,23.75,22.79,7324500,03/02/2020
COF,Capital One Financial Corp,91.47,3.21,3.64%,88.56,91.52,86.93,4111700,03/02/2020
COG,Cabot Oil & Gas Corp,14.55,0.62,4.45%,14.06,14.68,13.68,11035200,03/02/2020
COHR,Coherent Inc,129.21,0.5,0.39%,130.59,130.72,123.64,197400,03/02/2020
COLD,Americold Realty Trust,32.5,1.83,5.97%,30.81,32.55,30.4,2839500,03/02/2020
COLM,Columbia Sprtswr,81.97,0.67,0.82%,81.85,82.44,79.9,841000,03/02/2020
COMM,Commscope Holding Company,11.16,0.15,1.36%,10.91,11.16,10.21,4056100,03/02/2020
CONE,Cyrusone Inc,63.26,2.68,4.42%,60.9,63.66,59.87,2240400,03/02/2020
COO,Cooper Companies,335.45,10.88,3.35%,327.49,335.52,324.15,282000,03/02/2020
COP,Conocophillips,49.23,0.81,1.67%,49.32,49.38,46.88,10672899,03/02/2020
COR,Coresite Realty Corp,109.52,5.79,5.58%,104.3,109.71,104.3,486100,03/02/2020
COST,Costco Wholesale,309.14,28,9.96%,294.44,309.51,291.38,7563700,03/02/2020
COTY,Coty Inc,9.3,0.07,0.76%,9.28,9.31,8.9,7867900,03/02/2020
COUP,Coupa Software Inc,158.53,8.78,5.86%,154.79,158.9,149.26,1150100,03/02/2020
CPA,Copa Holdings S.A.,86.63,3.49,4.20%,83.75,86.69,81.1,839200,03/02/2020
CPB,Campbell Soup Company,47.98,2.86,6.34%,45.34,48,45.3,4573700,03/02/2020
CPRI,Capri Holdings Ltd,25.43,-0.39,-1.51%,25.82,25.85,24.45,4461900,03/02/2020
CPRT,Copart Inc,86.69,2.21,2.62%,84.12,86.89,82.13,3094600,03/02/2020
CPT,Camden Property Trust,110.29,4.31,4.07%,106.73,110.88,106.1,1297800,03/02/2020
CR,Crane Company,71.56,3.61,5.31%,68.71,71.56,67.37,738300,03/02/2020
CREE,Cree Inc,46.68,1.95,4.36%,45.2,46.74,43.73,1920000,03/02/2020
CRI,Carter's Inc,95.01,3.54,3.87%,91.61,95.28,89.82,866700,03/02/2020
CRL,Charles River Laboratories Intl,164.3,8.73,5.61%,156.79,164.48,154.19,790400,03/02/2020
CRM,Salesforce.com Inc,176.76,6.36,3.73%,172.2,176.79,168.59,7761000,03/02/2020
CRNC,Cerence Inc,22.86,1.15,5.30%,21.91,22.87,20.9,428200,03/02/2020
CSCO,Cisco Systems Inc,41.17,1.24,3.11%,40.15,41.19,38.92,48864301,03/02/2020
CSGP,Costar Group Inc,705.8,38.21,5.72%,662.43,711.27,650.85,426200,03/02/2020
CSL,Carlisle Companies Inc,150.49,5.2,3.58%,146.26,150.99,145.45,632300,03/02/2020
CSX,CSX Corp,70.75,0.3,0.43%,70.32,71.41,68.98,10651300,03/02/2020
CTAS,Cintas Corp,279.6,12.86,4.82%,266.06,279.76,264.47,1058000,03/02/2020
CTL,Centurylink,12.59,0.52,4.31%,12.13,12.66,11.9,16969000,03/02/2020
CTLT,Catalent Inc,53.34,1.81,3.51%,51.84,53.41,51.12,1431400,03/02/2020
CTSH,Cognizant Tech Sol,61.33,0.4,0.66%,60.6,61.35,58.82,5676900,03/02/2020
CTVA,Corteva Inc,28.24,1.04,3.82%,27.27,28.26,26.86,7440000,03/02/2020
CTXS,Citrix Systems Inc,108.78,5.39,5.21%,104.06,108.97,103.79,3897000,03/02/2020
CUBE,Cubesmart,31.78,1.51,4.99%,30.53,31.88,30.41,2396000,03/02/2020
CUZ,Cousins Properties Inc,37.19,1.5,4.20%,35.98,37.22,35.25,879600,03/02/2020
CVET,Covetrus Inc,10.9,-0.21,-1.89%,11.17,11.27,10.68,1392100,03/02/2020
CVNA,Carvana Co. Cl A,82.36,-0.55,-0.66%,83.37,86.18,79,2541900,03/02/2020
CVS,CVS Corp,64.03,4.85,8.20%,60.67,64.07,59.86,15909400,03/02/2020
CVX,Chevron Corp,96.59,3.25,3.48%,94.02,96.68,92.21,15050801,03/02/2020
CW,Curtiss-Wright Corp,126.31,6.37,5.31%,120.43,126.4,118.92,354800,03/02/2020
CXO,Concho Resources Inc,69.06,1.04,1.53%,69.02,70.46,66.37,3288800,03/02/2020
CXP,Columbia Property Trust Inc,19.8,0.94,4.98%,18.99,19.87,18.73,1233300,03/02/2020
CY,Cypress Semiconductor,23.3,0.2,0.89%,23.1,23.3,23,8681600,03/02/2020
CZR,Caesars Entertainment Corp,12.4,-0.31,-2.44%,12.71,12.79,12.04,44312801,03/02/2020
D,Dominion Resources,84.18,6,7.67%,78.67,84.32,78.45,5612600,03/02/2020
DAL,Delta Air Lines Inc,47.16,1.03,2.23%,46.22,47.25,44.33,20098699,03/02/2020
DBX,Dropbox Inc,19.29,-0.27,-1.38%,19.85,19.87,18.79,6871100,03/02/2020
DCI,Donaldson Company,46.25,1.17,2.60%,45.36,46.36,44.7,539100,03/02/2020
DD,Du Pont De.Nemours Inc,44.95,2.05,4.78%,43.06,44.99,42.51,9803700,03/02/2020
DE,Deere & Company,163.92,7.44,4.75%,157.92,164,156.55,2532100,03/02/2020
DEI,Douglas Emmett,39.21,1.03,2.70%,38.4,39.21,37.65,1305800,03/02/2020
DELL,Dell Technologies Inc,42.39,1.93,4.77%,40.72,42.49,39.4,4008500,03/02/2020
DFS,Discover Financial Services,67.88,2.3,3.51%,66.11,67.93,65.02,4290000,03/02/2020
DG,Dollar General Corp,159.6,9.3,6.19%,150.36,159.75,150.25,2581600,03/02/2020
DGX,Quest Diagnostics Inc,112.11,6.05,5.70%,106.98,112.21,106.49,1841300,03/02/2020
DHI,D.R. Horton,54.83,1.56,2.93%,53.82,55.11,53.16,8169200,03/02/2020
DHR,Danaher Corp,150.69,6.11,4.23%,145.31,150.72,143.02,4682700,03/02/2020
DIS,Walt Disney Company,119.98,2.33,1.98%,119.13,119.98,116.03,21775900,03/02/2020
DISCA,Discovery Comm A,26.4,0.7,2.72%,25.89,26.43,24.94,8373600,03/02/2020
DISCK,Discovery Comm Inc,25.17,0.07,0.28%,24.86,25.18,24.02,5632800,03/02/2020
DISH,Dish Network Corp,34.33,0.81,2.42%,33.42,34.33,32.42,3272400,03/02/2020
DKS,Dick's Sporting Goods Inc,36.48,0.07,0.19%,36.79,36.79,35.16,1871200,03/02/2020
DLB,Dolby Laboratories,68.43,2.73,4.16%,66.05,68.46,65.2,452000,03/02/2020
DLR,Digital Realty Trust,130.49,10.38,8.64%,120.9,130.77,120.61,6312700,03/02/2020
DLTR,Dollar Tree Inc,84.56,1.53,1.84%,83.23,84.71,80.91,3936800,03/02/2020
DNKN,Dunkin' Brands Group,70.65,4.13,6.21%,66.82,70.74,66.6,1328100,03/02/2020
DOCU,Docusign Inc,87.96,1.65,1.91%,87.39,88.54,84.81,2521700,03/02/2020
DOV,Dover Corp,107.4,4.66,4.54%,103.38,107.77,102.08,1418100,03/02/2020
DOW,Dow Inc,41.42,1.01,2.50%,41.05,41.42,39.78,7706600,03/02/2020
DOX,Amdocs Ltd Ord,66.83,3.08,4.83%,64.25,66.93,63.62,2009200,03/02/2020
DPZ,Domino's Pizza Inc,347.52,8.06,2.37%,340.22,348.52,333.79,863600,03/02/2020
DRE,Duke Realty Corp,33.9,1.43,4.40%,32.69,33.91,32.36,4391000,03/02/2020
DRI,Darden Restaurants,98.8,1.3,1.33%,97.75,98.87,95.56,2405300,03/02/2020
DT,Dynatrace Inc,32.38,0.08,0.25%,32.5,32.8,31.12,3430000,03/02/2020
DTE,Dte Energy Company,116.64,4.97,4.45%,113.07,116.86,111.4,2516900,03/02/2020
DUK,Duke Energy Corp,96.67,4.97,5.42%,91.65,96.94,91.54,6803500,03/02/2020
DVA,Davita Healthcare Partners Inc,82.23,4.61,5.94%,77.76,82.26,77.76,1701300,03/02/2020
DVN,Devon Energy Corp,16.31,0.07,0.43%,16.53,16.67,15.41,11011900,03/02/2020
DXC,Dxc Technology Company,23.73,-0.38,-1.58%,24.37,24.4,22.42,5228000,03/02/2020
DXCM,Dexcom,285.73,9.73,3.53%,278.1,286.5,277.1,1533500,03/02/2020
EA,Electronic Arts Inc,106.89,5.52,5.45%,101.92,106.93,101.71,4291700,03/02/2020
EAF,Graftech International Ltd,8.6,0.44,5.39%,8.21,8.63,7.97,5244700,03/02/2020
EBAY,Ebay Inc,35.96,1.32,3.81%,34.62,35.97,34.28,13131200,03/02/2020
ECL,Ecolab Inc,191.22,10.77,5.97%,182.7,191.28,182.09,1778700,03/02/2020
ED,Consolidated Edison Company of New York,84.53,5.71,7.24%,79.59,84.82,79.28,3615400,03/02/2020
EEFT,Euronet Worldwide,127.14,3.1,2.50%,124.88,127.48,123.36,1104500,03/02/2020
EFX,Equifax Inc,150.87,8.83,6.22%,144.12,151.03,143.05,1219900,03/02/2020
EHC,Encompass Health Corp,76.54,1.7,2.27%,74.89,76.77,74.28,1146000,03/02/2020
EIX,Edison International,70.44,3.25,4.84%,67.53,70.47,67.11,3847700,03/02/2020
EL,Estee Lauder Companies,193.33,9.73,5.30%,184.13,193.78,182.62,3350000,03/02/2020
ELAN,Elanco Animal Health Inc,27.78,0.38,1.39%,27.58,27.85,26.92,12378200,03/02/2020
ELS,Equity Lifestyle Properties,71.61,3.28,4.80%,68.65,71.99,68.65,1315500,03/02/2020
EMN,Eastman Chemical Company,62.93,1.42,2.31%,62.21,63.01,60.14,2238700,03/02/2020
EMR,Emerson Electric Company,66.3,2.19,3.42%,64.54,66.53,63.52,4778400,03/02/2020
ENR,Energizer Holdings Inc,46.19,3.2,7.44%,43.38,46.21,42.73,1016000,03/02/2020
ENTG,Entegris Inc,55.16,1.84,3.45%,54.06,55.41,53.12,1609700,03/02/2020
EOG,Eog Resources,62.86,-0.4,-0.63%,63.81,63.9,60.16,8008500,03/02/2020
EPAM,Epam Systems Inc,229.87,6.67,2.99%,224.02,229.87,217.99,402100,03/02/2020
EPR,Entertainment Properties Trust,60.82,1.58,2.67%,59.68,60.89,57.56,1350700,03/02/2020
EQC,Equity Commonwealth,32.14,0.68,2.16%,31.44,32.27,31.44,1232000,03/02/2020
EQH,Axa Equitable Holdings Inc,21.87,0.47,2.20%,21.58,21.88,20.72,7412200,03/02/2020
EQIX,Equinix Inc,618.88,46.08,8.04%,577.88,620.28,577.26,757100,03/02/2020
EQR,Equity Residential,79.07,3.97,5.29%,75.56,79.1,75.23,2325300,03/02/2020
EQT,Eqt Corp,6.08,0.21,3.58%,6.06,6.1,5.74,17256199,03/02/2020
ERIE,Erie Indemnity Company,151.22,8.3,5.81%,143.54,151.52,142.7,143800,03/02/2020
ES,Eversource Energy,93.62,7.16,8.28%,86.61,93.71,86.61,3191500,03/02/2020
ESI,Element Solutions Inc,10.72,0.33,3.18%,10.46,10.72,10.19,2101100,03/02/2020
ESRT,Empire State Realty Trust Inc,12.32,0.62,5.30%,11.77,12.35,11.65,2576800,03/02/2020
ESS,Essex Property Trust,293.44,10.08,3.56%,284.67,293.92,283.67,751100,03/02/2020
ESTC,Elastic N.V.,72.74,-1.12,-1.52%,72.85,73.43,68.21,1789200,03/02/2020
ETFC,E*Trade Finl Corp,47.03,1.25,2.73%,45.58,47.1,45.05,8539900,03/02/2020
ETN,Eaton Corp,95.68,4.96,5.47%,91.5,95.75,91.01,5188900,03/02/2020
ETR,Entergy Corp,124.12,7.21,6.17%,117.4,124.38,116.9,1956900,03/02/2020
ETRN,Equitrans Midstream Corp,6.65,-0.41,-5.81%,7.04,7.06,6.41,9295101,03/02/2020
ETSY,Etsy Inc,58.84,1.03,1.78%,58.02,59.79,56.91,5573100,03/02/2020
EV,Eaton Vance Corp,43.55,2.29,5.55%,41.62,43.58,41.18,837600,03/02/2020
EVR,Evercore Partners Inc,68.05,1.43,2.15%,66.99,68.09,64.81,537700,03/02/2020
EVRG,Evergy Inc,69.39,4.04,6.18%,66.8,69.85,65.85,4823800,03/02/2020
EW,Edwards Lifesciences Corp,212.92,8.08,3.94%,207,212.93,205.88,2022200,03/02/2020
EWBC,East West Bancorp,40.43,1.69,4.36%,38.64,40.52,37.9,1680900,03/02/2020
EXAS,Exact Sciences Cor,77.43,-3.52,-4.35%,81.88,82.76,74.33,3809800,03/02/2020
EXC,Exelon Corp,45.43,2.32,5.38%,43.19,45.44,42.9,9653700,03/02/2020
EXEL,Exelixis Inc,19.29,0.7,3.77%,18.55,19.31,18.29,3753000,03/02/2020
EXP,Eagle Materials Inc,81.65,2.72,3.45%,79.28,81.76,78.48,378800,03/02/2020
EXPD,Expeditors Intl,71.94,1.52,2.16%,70.44,72.04,69.09,2449600,03/02/2020
EXPE,Expedia Group Inc,96.73,-1.89,-1.92%,97.72,98.17,93.79,4849200,03/02/2020
EXR,Extra Space Storage Inc,105.4,5.04,5.02%,101.16,105.88,101.11,1287400,03/02/2020
F,Ford Motor Company,7.2,0.24,3.45%,7.11,7.23,6.88,96766000,03/02/2020
FAF,First American Corp,61.4,4.3,7.53%,57.42,61.4,57.05,1280000,03/02/2020
FANG,Diamondback Energy,62.14,0.14,0.23%,62.75,62.78,59.61,3284100,03/02/2020
FAST,Fastenal Company,35.18,0.96,2.81%,34.33,35.19,33.31,7077800,03/02/2020
FB,Facebook Inc,196.44,3.97,2.06%,194.03,196.57,188.85,24948900,03/02/2020
FBHS,Fortune Brands Home & Security,63.67,1.92,3.11%,62.27,63.67,61.14,1904800,03/02/2020
FCNCA,First Citizens Bancs,471.55,18.24,4.02%,449.37,471.96,444.2,73300,03/02/2020
FCX,Freeport-Mcmoran Inc,10.5,0.54,5.42%,10.04,10.51,9.7,35073398,03/02/2020
FDS,Factset Research Systems Inc,281.27,15.28,5.74%,267.17,281.7,264.34,506600,03/02/2020
FDX,Fedex Corp,139.75,-1.42,-1.01%,142.18,142.52,135.28,4418500,03/02/2020
FE,Firstenergy Corp,47.32,2.79,6.27%,44.79,47.42,44.67,5894500,03/02/2020
FEYE,Fireeye Inc,13.62,0.39,2.91%,13.28,13.64,13.12,3303100,03/02/2020
FFIV,F5 Networks Inc,120.04,0.09,0.08%,120.37,121.47,115.15,1189100,03/02/2020
FHB,First Hawaiian Inc,24.92,0.97,4.05%,24.03,24.92,23.88,2039900,03/02/2020
FHN,First Horizon National Corp,14.05,0.72,5.40%,13.51,14.09,13.25,9465700,03/02/2020
FICO,Fair Isaac and Company Inc,387.06,11.03,2.93%,382.53,387.18,371.12,294300,03/02/2020
FIS,Fidelity National Information Services,148.61,8.89,6.36%,140.06,148.87,139.29,6618500,03/02/2020
FISV,Fiserv Inc,114.23,4.87,4.45%,108.64,114.29,107.18,5516400,03/02/2020
FITB,Fifth Third Bncp,25.72,1.32,5.41%,24.19,25.73,24.05,10718100,03/02/2020
FIVE,Five Below Inc,98.08,1.13,1.17%,97.48,98.29,93.74,1462900,03/02/2020
FL,Footlocker Inc,33.67,-2.58,-7.12%,36.4,36.42,33.57,6644900,03/02/2020
FLIR,Flir Systems Inc,43.65,1.18,2.78%,42.94,43.84,42.5,2178500,03/02/2020
FLO,Flowers Foods,22.43,0.9,4.18%,21.51,22.52,21.45,2534700,03/02/2020
FLR,Fluor Corp,10.04,0.72,7.73%,9.36,10.05,8.99,5202200,03/02/2020
FLS,Flowserve Corp,41.65,1.46,3.63%,40.6,41.65,39.31,1297300,03/02/2020
FLT,Fleetcor Technologies,282.04,16.25,6.11%,267.44,282.9,267.44,1452700,03/02/2020
FMC,FMC Corp,96.91,3.81,4.09%,93.6,96.96,91.08,1207000,03/02/2020
FNB,F.N.B. Corp,10.64,0.55,5.45%,10.09,10.65,9.99,3455900,03/02/2020
FND,Floor & Decor Holdings Inc,52.8,1.75,3.43%,51.58,52.93,49.27,1205500,03/02/2020
FNF,Fidelity National Financial,40.81,2.05,5.29%,38.9,40.83,38.9,2896600,03/02/2020
FOX,Fox Corp Cl B,31.79,1.34,4.40%,30.4,31.79,30.07,2871300,03/02/2020
FOXA,Fox Corp Cl A,32.11,1.37,4.46%,30.73,32.14,30.35,7503700,03/02/2020
FRC,First Republic Bank,105.68,5.11,5.08%,100.41,105.74,99.36,1655500,03/02/2020
FRT,Federal Realty Investment Trust,119.93,3.59,3.09%,116.93,120,115.48,629700,03/02/2020
FSLR,First Solar Inc,44.95,-0.82,-1.79%,45.88,46.22,43.57,2730400,03/02/2020
FTDR,Frontdoor Inc,44.92,2.52,5.94%,42.57,45.02,42.27,581000,03/02/2020
FTNT,Fortinet Inc,110.1,8.04,7.88%,103.62,110.19,103.47,2890700,03/02/2020
FTV,Fortive Corp,70.65,1.49,2.15%,69.25,70.74,68,2548100,03/02/2020
FWONA,Liberty Media F1 Series A,36.47,-1.02,-2.72%,37.55,38.02,35.52,262400,03/02/2020
FWONK,Liberty Media F1 Series K,37.8,-1.26,-3.23%,39.39,39.61,37,2428900,03/02/2020
G,Genpact Ltd,40.15,1.69,4.39%,38.71,40.19,38.14,1175000,03/02/2020
GD,General Dynamics Corp,165.03,5.34,3.34%,160.56,165.23,157.6,2233300,03/02/2020
GDDY,Godaddy Inc,70.01,0.03,0.04%,70.4,70.58,68.08,1954800,03/02/2020
GDI,Gardner Denver Holdings Inc,32.79,-0.82,-2.44%,32.92,33.59,31.05,9109500,02/28/20
GE,General Electric Company,11.21,0.33,3.03%,11.21,11.34,10.76,124802203,03/02/2020
GGG,Graco Inc,51.7,2.38,4.83%,49.74,51.74,49.05,1070700,03/02/2020
GH,Guardant Health Inc,78.08,-8.88,-10.21%,84.46,84.87,76.25,2265100,03/02/2020
GHC,Graham Holdings Company,501.07,-1.81,-0.36%,506.24,514.47,493.14,46500,03/02/2020
GILD,Gilead Sciences Inc,75.4,6.04,8.71%,70.32,75.4,70.08,31113000,03/02/2020
GIS,General Mills,51.41,2.41,4.92%,49.21,51.41,48.86,7603400,03/02/2020
GL,Globe Life Inc,96.14,3.48,3.76%,93.16,96.16,92.08,773200,03/02/2020
GLIBA,Gci Liberty Inc Cl A,71.13,2.02,2.92%,69.31,71.16,68.61,665900,03/02/2020
GLPI,Gaming & Leisure,45.66,0.99,2.22%,45.09,45.79,43.73,2411800,03/02/2020
GLW,Corning Inc,24.67,0.81,3.39%,24.04,24.68,23.51,8283900,03/02/2020
GM,General Motors Company,31.42,0.92,3.02%,30.52,31.45,29.74,14994600,03/02/2020
GNTX,Gentex Corp,27.57,0.87,3.26%,26.58,27.59,26.36,1867100,03/02/2020
GO,Grocery Outlet Holding Corp,31.53,-0.12,-0.38%,31.59,31.98,31.03,1055300,03/02/2020
GOOG,Alphabet Cl C,1389.11,49.78,3.72%,1351.61,1390.87,1326.81,2431400,03/02/2020
GOOGL,Alphabet Cl A,1386.32,47.07,3.51%,1351.39,1387.47,1325.2,2771400,03/02/2020
GPC,Genuine Parts Company,89.04,1.8,2.06%,87.61,89.08,84.63,1371800,03/02/2020
GPK,Graphic Packaging Holding Company,13.86,0.34,2.51%,13.51,13.86,13.37,5862800,03/02/2020
GPN,Global Payments Inc,192.39,8.42,4.58%,185.05,192.42,183.15,3027100,03/02/2020
GPS,Gap Inc,14.03,-0.3,-2.09%,14.36,14.48,13.49,12373800,03/02/2020
GRA,W.R. Grace & Company,58.45,1.89,3.34%,57.07,58.59,56.35,786300,03/02/2020
GRMN,Garmin Ltd,93.47,5.08,5.75%,90,93.55,89.4,1474900,03/02/2020
GRUB,Grubhub Inc,48.55,0.44,0.91%,48.45,48.89,46.07,2736300,03/02/2020
GS,Goldman Sachs Group,209.47,8.7,4.33%,201.41,209.62,197.63,5285500,03/02/2020
GT,Goodyear Tire Rubber,9.49,-0.2,-2.01%,9.8,9.81,9.32,6370400,03/02/2020
GTES,Gates Industrial Corp Plc,10.81,0.35,3.35%,10.56,10.84,10.18,263500,03/02/2020
GWRE,Guidewire Software Inc,111.94,2.33,2.13%,110.3,112.03,107.89,983100,03/02/2020
GWW,W.W. Grainger,288.88,11.34,4.09%,279.36,288.92,272.13,523300,03/02/2020
H,Hyatt Hotels Corp,77.04,0.44,0.57%,77.12,77.66,73.12,1419500,03/02/2020
HAIN,Hain Celestial Group,25.23,1.5,6.32%,23.73,25.26,23.55,794400,03/02/2020
HAL,Halliburton Company,17.22,0.26,1.53%,17.25,17.27,16.37,20530301,03/02/2020
HAS,Hasbro Inc,79.29,2.04,2.64%,77.32,79.53,76.05,1485800,03/02/2020
HBAN,Huntington Bcshs,12.94,0.67,5.46%,12.23,13.13,11.97,19653100,03/02/2020
HBI,Hanesbrands Inc,13.36,0.12,0.91%,13.21,13.38,12.65,8246700,03/02/2020
HCA,Hca Holdings Inc,135.05,8.04,6.33%,127.07,135.55,125.01,3978800,03/02/2020
HD,Home Depot,229.94,12.1,5.55%,219.98,230,218.49,7150800,03/02/2020
HDS,HD Supply Hlds Cmm,39.54,1.52,4.00%,38.26,39.54,36.41,1281700,03/02/2020
HE,Hawaiian Electric Industries,45.09,2.25,5.25%,42.92,45.12,42.91,859500,03/02/2020
HEI,Heico Corp,112.7,4.85,4.50%,107.86,113.15,107.33,1319800,03/02/2020
HEI.A,Heico Cp Cl A,93.5,5.17,5.85%,89.34,93.8,88.46,1373900,03/02/2020
HES,Hess Corp,57.19,1.01,1.80%,56.88,57.43,54.67,4752100,03/02/2020
HFC,Hollyfrontier Corp,34.04,0.36,1.07%,34.36,34.44,32.23,3502300,03/02/2020
HGV,Hilton Grand Vacations Inc,26.58,-0.08,-0.30%,26.8,26.93,25.51,954800,03/02/2020
HHC,Howard Hughes Corp,110.34,2.46,2.28%,108.08,110.69,105.8,265300,03/02/2020
HIG,Hartford Financial Services Group,53.12,3.17,6.35%,50.12,53.12,49.92,3819800,03/02/2020
HII,Huntington Ingalls Industries,209.64,4.11,2.00%,207.58,210.71,203.03,924100,03/02/2020
HIW,Highwoods Properties,47.18,2.3,5.12%,45.14,47.18,44.72,910700,03/02/2020
HLF,Herbalife Ltd,34.31,1.95,6.03%,32.57,34.35,32.34,1620400,03/02/2020
HLT,Hilton Inc,96.46,-0.74,-0.76%,97.04,97.7,92.58,4791400,03/02/2020
HOG,Harley-Davidson Inc,31.06,0.59,1.94%,30.41,31.06,29.62,2261000,03/02/2020
HOLX,Hologic Inc,48.82,1.7,3.61%,47.36,48.86,47.05,3047100,03/02/2020
HON,Honeywell International Inc,164.24,2.07,1.28%,163.09,165.48,157.59,6744800,03/02/2020
HP,Helmerich & Payne,37.62,0.73,1.98%,37.41,37.64,35.87,2584000,03/02/2020
HPE,Hewlett Packard Enterprise Comp,12.89,0.1,0.78%,12.74,12.89,12.34,15540800,03/02/2020
HPP,Hudson Pacific Properties,33.06,0.78,2.42%,32.5,33.07,31.65,1603400,03/02/2020
HPQ,Hp Inc,21.86,1.07,5.15%,20.9,21.88,20.77,15428100,03/02/2020
HRB,H&R Block,21.5,0.83,4.02%,20.77,21.5,20.14,5024300,03/02/2020
HRC,Hill-Rom Holdings Inc,100.56,4.51,4.70%,96.5,100.56,95.68,661800,03/02/2020
HRL,Hormel Foods Corp,43.19,1.59,3.82%,41.86,43.21,41.76,3812000,03/02/2020
HSIC,Henry Schein Inc,62.92,1.98,3.25%,60.64,62.92,60.31,2426000,03/02/2020
HST,Host Marriott Financial Trust,14.97,0.49,3.38%,14.58,14.98,14.06,10950400,03/02/2020
HSY,Hershey Foods Corp,152.36,8.37,5.81%,144.32,152.59,144.32,1280400,03/02/2020
HTA,Healthcare Trust of America,31.74,0.6,1.93%,31.31,31.87,30.84,2147900,03/02/2020
HUBB,Hubbell Inc B,140.09,6.85,5.14%,133.9,140.53,132.87,621000,03/02/2020
HUBS,Hubspot Inc,180.61,1.16,0.65%,181.31,182.34,174.01,439600,03/02/2020
HUM,Humana Inc,345.36,25.68,8.03%,321.5,346.97,313.66,1856100,03/02/2020
HUN,Huntsman Corp,19.3,0.36,1.90%,19.04,19.3,18.6,3086700,03/02/2020
HXL,Hexcel Corp,67.11,2.48,3.84%,64.63,67.14,63.31,1151000,03/02/2020
HZNP,Horizon Therapeutics,35.2,0.98,2.86%,34.43,35.2,33.19,1903700,03/02/2020
IAA,Iaa Inc,43.62,0.9,2.11%,42.77,44.2,42.13,859700,03/02/2020
IAC,Iac Interactive,210.16,6.22,3.05%,204.43,211.04,201.02,923600,03/02/2020
IART,Integra Lifesciences,52.56,0.46,0.88%,52.2,52.9,51.01,1069400,03/02/2020
IBKR,Interactive Brokers,54.23,3.13,6.13%,51.4,54.64,50.38,1312100,03/02/2020
IBM,International Business Machines,134.3,4.15,3.19%,130.75,134.44,127.95,8531399,03/02/2020
ICE,Intercontinental Exchange,93.4,4.18,4.69%,89.94,93.4,89.53,7056100,03/02/2020
ICUI,I C U Medical Inc,200.77,4.96,2.53%,202.15,202.48,193.48,162800,03/02/2020
IDA,Idacorp Inc,102.17,5.53,5.72%,96.64,102.26,96.41,315200,03/02/2020
IDXX,Idexx Laboratories,261.99,7.48,2.94%,254.93,262.33,247.67,700700,03/02/2020
IEX,Idex Corp,153.04,5.04,3.41%,149.35,153.74,148.55,1001400,03/02/2020
IFF,International Flavors & Fragrances,122.56,2.78,2.32%,120.71,122.7,118.96,1295400,03/02/2020
IGT,International Game Technology,10,-0.64,-6.02%,10.59,10.61,9.63,4320900,03/02/2020
ILMN,Illumina Inc,278.28,12.61,4.75%,268.02,278.39,265.35,1768200,03/02/2020
INCY,Incyte Corp,79.06,3.65,4.84%,75.73,79.1,75.35,2261300,03/02/2020
INFO,IHS Markit Ltd,73.49,2.25,3.16%,71.7,73.7,70.57,3649800,03/02/2020
INGR,Ingredion Inc,85.6,2.3,2.76%,83.77,85.6,83.16,581800,03/02/2020
INTC,Intel Corp,58.18,2.66,4.79%,55.79,58.22,54.52,43140301,03/02/2020
INTU,Intuit Inc,281.18,15.33,5.77%,266.72,281.33,263.73,2520500,03/02/2020
INVH,Invitation Homes Inc,29.85,1.16,4.04%,28.86,29.88,28.76,4700900,03/02/2020
IONS,Ionis Pharmaceuticals,52.3,1.52,2.99%,51,52.85,50.02,1727800,03/02/2020
IP,International Paper Company,38.23,1.27,3.44%,37.25,38.26,36.47,4603400,03/02/2020
IPG,Interpublic Group of Companies,21.79,0.43,2.01%,21.36,21.8,20.51,7042700,03/02/2020
IPGP,Ipg Photonics Corp,130.35,2.71,2.12%,129.21,130.84,123.85,628900,03/02/2020
IQV,Iqvia Holdings Inc,147.08,7.59,5.44%,141.34,147.23,139.31,2504900,03/02/2020
IR,Ingersoll-Rand Plc [Ireland],32.8,-96.24,-74.58%,33.06,34.75,32.58,38314902,03/02/2020
IRM,Iron Mountain Inc,31.7,1.29,4.24%,30.63,31.92,30.12,6296700,03/02/2020
ISRG,Intuitive Surg Inc,559.07,25.11,4.70%,535.95,559.58,532.22,947800,03/02/2020
IT,Gartner Inc,129.8,0.41,0.32%,130.23,131.63,126.12,2231100,03/02/2020
ITT,ITT Inc,61.2,1.05,1.75%,60.76,61.48,58.99,1301300,03/02/2020
ITW,Illinois Tool Works Inc,173.28,5.5,3.28%,168.92,173.79,164.96,1950800,03/02/2020
IVZ,Invesco Plc,14.78,0.38,2.64%,14.47,14.81,14.02,9526400,03/02/2020
J,Jacobs Engineering Group Inc,96.89,4.55,4.93%,92.57,97.06,90.22,1303200,03/02/2020
JAZZ,Jazz Pharma Plc,125.11,10.53,9.19%,115.04,125.13,111.21,1378400,03/02/2020
JBGS,Jbg Smith Properties,37.99,1.31,3.57%,36.84,38.02,36.33,718800,03/02/2020
JBHT,J B Hunt Transport,96.56,0.12,0.12%,96.65,97.45,93.94,816600,03/02/2020
JBL,Jabil Circuit,33.72,1.67,5.21%,32.29,33.72,32.04,2003600,03/02/2020
JBLU,Jetblue Airways Cp,15.57,-0.21,-1.33%,15.82,16,14.85,12108100,03/02/2020
JCI,Johnson Controls Intl,38.07,1.5,4.10%,36.81,38.12,36.1,8790700,03/02/2020
JEF,Jefferies Financial Group Inc,20.59,0.88,4.46%,19.85,20.59,19.4,3178200,03/02/2020
JHG,Janus Henderson Group Plc,21.66,0.46,2.17%,21.24,21.74,21.01,2498400,03/02/2020
JKHY,Jack Henry & Assoc,158.73,6.99,4.61%,152.6,158.82,150.42,826600,03/02/2020
JLL,Jones Lang Lasalle Inc,149.65,1.88,1.27%,148.75,149.72,145.04,593400,03/02/2020
JNJ,Johnson & Johnson,140.02,5.54,4.12%,134.78,140.13,134.01,11508199,03/02/2020
JNPR,Juniper Networks,21.88,0.66,3.11%,21.24,21.89,20.86,5470800,03/02/2020
JPM,JP Morgan Chase & Company,121.52,5.41,4.66%,116.63,121.58,114.46,27355400,03/02/2020
JW.A,John Wiley Sons Cl A,38.06,0.87,2.34%,37.42,38.06,36.46,490000,03/02/2020
JWN,Nordstrom,34.42,-0.28,-0.81%,34.78,34.78,33.13,4442500,03/02/2020
K,Kellogg Company,63.14,2.67,4.42%,60.21,63.14,60.12,2584200,03/02/2020
KAR,Kar Auction Services Inc,20.21,0.96,4.99%,19.37,20.36,18.98,3449400,03/02/2020
KDP,Keurig Dr Pepper Inc,28.26,0.38,1.36%,27.9,28.29,27.44,4619000,03/02/2020
KEX,Kirby Corp,64.86,1.11,1.74%,64.3,65.65,62.74,612600,03/02/2020
KEY,Keycorp,16.97,0.62,3.79%,16.21,16.98,15.88,13350500,03/02/2020
KEYS,Keysight Technologies Inc Comm,97.42,2.66,2.81%,94.94,97.48,93.45,2516600,03/02/2020
KHC,Kraft Heinz Company,26.07,1.3,5.25%,24.75,26.08,24.57,14470699,03/02/2020
KIM,Kimco Realty Corp,17.82,0.47,2.71%,17.39,17.87,16.99,5957000,03/02/2020
KLAC,K L A-Tencor Corp,158.74,5.03,3.27%,154.5,159,151.71,2706700,03/02/2020
KMB,Kimberly-Clark Corp,141.1,9.91,7.55%,132.13,141.18,132.13,3094700,03/02/2020
KMI,Kinder Morgan,20.24,1.07,5.58%,19.36,20.28,19.1,22540301,03/02/2020
KMPR,Kemper Corp,74.23,5.39,7.83%,69.15,74.25,68.91,379000,03/02/2020
KMX,Carmax Inc,89.74,2.43,2.78%,87.3,89.84,85.22,1827500,03/02/2020
KNX,Knight-Swift Transporation Inc,33.24,1.3,4.07%,32.18,33.29,31.57,2647100,03/02/2020
KO,Coca-Cola Company,55.92,2.43,4.54%,53.93,55.96,53.7,25698602,03/02/2020
KOS,Kosmos Energy Ltd,2.91,-0.14,-4.59%,3.1,3.11,2.83,11781899,03/02/2020
KR,Kroger Company,29.68,1.55,5.51%,28.44,29.69,28.28,11951101,03/02/2020
KRC,Kilroy Realty Corp,76.11,3.42,4.70%,72.88,76.17,72.29,1342300,03/02/2020
KSS,Kohl's Corp,38.44,-0.71,-1.81%,39.2,39.2,37.17,5781600,03/02/2020
KSU,Kansas City Southern,155.06,4.38,2.91%,151.57,156.02,147.5,2078600,03/02/2020
L,Loews Corp,48.69,3.06,6.71%,45.67,48.71,45.55,1988900,03/02/2020
LAMR,Lamar Advertis A,84.88,1.14,1.36%,84.14,85.14,81.31,679700,03/02/2020
LAZ,Lazard Ltd,37.95,2.13,5.95%,35.98,37.96,35.68,1011500,03/02/2020
LB,L Brands Inc,22.25,0.59,2.72%,21.84,22.33,21.15,9563399,03/02/2020
LBRDA,Liberty Broadbd A,126.21,2.53,2.05%,124.15,126.32,124.01,178700,03/02/2020
LBRDK,Liberty Broadbd C,128.56,2.67,2.12%,126.92,128.56,125.95,1167600,03/02/2020
LDOS,Leidos Holdings Inc,110.06,7.41,7.22%,104.28,110.07,102.93,1437600,03/02/2020
LEA,Lear Corp,114.07,2.87,2.58%,112,114.43,108.59,678700,03/02/2020
LECO,Lincoln Elec Hld,85.11,3.22,3.93%,82.63,85.34,81.76,498800,03/02/2020
LEG,Leggett & Platt Inc,40.25,0.59,1.49%,39.7,40.29,38.34,1300700,03/02/2020
LEN,Lennar Corp,62.62,2.28,3.78%,60.77,62.69,59.83,4723600,03/02/2020
LEN.B,Lennar Corp Cl B,49.44,1.63,3.41%,48.02,49.51,47.38,105000,03/02/2020
LFUS,Littelfuse Inc,163.17,3.49,2.19%,161.28,163.39,156.46,148200,03/02/2020
LGF.A,Lions Gate Entertainment Corp Cl A,8.19,0.24,3.02%,8.02,8.19,7.6,2346300,03/02/2020
LGF.B,Lions Gate Entertainment Corp Cl B,7.6,0.2,2.70%,7.45,7.6,7.06,1503200,03/02/2020
LH,Laboratory Corp of America Holdings,187.96,12.27,6.98%,176.6,188.42,176.6,1390800,03/02/2020
LHX,L3Harris Technologies Inc,202.05,4.32,2.18%,197.9,202.99,194.71,2246700,03/02/2020
LII,Lennox International,240.08,11.95,5.24%,230.28,240.42,227.53,354200,03/02/2020
LIN,Linde Plc,198.15,7.14,3.74%,191.3,198.3,189.41,3489600,03/02/2020
LKQ,LKQ Corp,29.9,0.32,1.08%,29.57,29.91,28.91,3087400,03/02/2020
LLY,Eli Lilly and Company,132.84,6.71,5.32%,127.55,133,126.21,7355600,03/02/2020
LM,Legg Mason Inc,49.98,0.16,0.32%,50.05,50.05,49.78,3888000,03/02/2020
LMT,Lockheed Martin Corp,381.35,11.48,3.10%,371.35,383.1,360.57,2859800,03/02/2020
LNC,Lincoln National Corp,48.28,2.89,6.37%,45.79,48.28,44.84,3389200,03/02/2020
LNG,Cheniere Energy,52.08,0.79,1.54%,51.72,52.76,50.75,4743000,03/02/2020
LNT,Alliant Energy Corp,55.36,3.24,6.22%,52.21,55.47,52.13,2205300,03/02/2020
LOGM,Logmein Inc,85.06,-0.18,-0.21%,85.12,85.32,84.72,1184900,03/02/2020
LOPE,Grand Canyon Educati,79.73,-0.95,-1.18%,81.06,81.8,78.02,913300,03/02/2020
LOW,Lowe's Companies,111.04,4.47,4.19%,107.35,111.18,105.09,8793900,03/02/2020
LPLA,Lpl Financial Hld,82.5,3.02,3.80%,80.03,82.82,78.94,1299400,03/02/2020
LRCX,Lam Research Corp,300.33,6.9,2.35%,296.64,300.55,284.02,2347200,03/02/2020
LSI,Life Storage,112.71,4.8,4.45%,108.6,113.23,108.27,679900,03/02/2020
LSTR,Landstar System,105.1,4.13,4.09%,100.31,105.23,100.18,447000,03/02/2020
LSXMA,Liberty Srs XM CS A,45.29,0.62,1.39%,44.78,45.32,44,773100,03/02/2020
LSXMK,Liberty Srs XM CS C,45.16,0.54,1.21%,44.72,45.51,43.9,1157000,03/02/2020
LULU,Lululemon Athletica,228.9,11.49,5.28%,219.19,229.21,216.49,2333800,03/02/2020
LUV,Southwest Airlines Company,46.95,0.76,1.65%,46.54,47.18,44.34,9043101,03/02/2020
LVS,Las Vegas Sands,58.26,-0.05,-0.09%,58.9,58.9,56.6,6246500,03/02/2020
LW,Lamb Weston Holdings Inc,86.65,-0.24,-0.28%,86.94,88.45,85.21,2420900,03/02/2020
LYB,Lyondellbasell Industries NV,74.52,3.06,4.28%,72.34,74.58,70.88,3631300,03/02/2020
LYFT,Lyft Inc Cl A,36.91,-1.21,-3.17%,38.1,38.49,36.1,11296300,03/02/2020
LYV,Live Nation Entertainment,57.96,-2.81,-4.62%,61.1,61.1,55.32,5761600,03/02/2020
M,Macy's Inc,12.99,-0.24,-1.81%,13.3,13.31,12.43,20747199,03/02/2020
MA,Mastercard Inc,306.74,16.49,5.68%,298.89,306.96,289.44,9688000,03/02/2020
MAA,Mid-America Apartment Communities,135.4,6.14,4.75%,130.21,135.62,129.86,993300,03/02/2020
MAC,Macerich Company,20.36,-0.06,-0.29%,20.49,20.5,19.28,5322000,03/02/2020
MAN,Manpower Inc,76.54,0.6,0.79%,76.31,76.63,73,875000,03/02/2020
MANH,Manhattan Assoc,68.33,0.97,1.44%,67.62,68.44,65.75,640300,03/02/2020
MAR,Marriot Int Cl A,122.96,-1.04,-0.84%,123.07,123.68,116.64,6375400,03/02/2020
MAS,Masco Corp,43.35,2.03,4.91%,41.59,43.39,41.47,4842900,03/02/2020
MASI,Masimo Corp,178.06,14.73,9.02%,165.8,178.43,165.45,553800,03/02/2020
MAT,Mattel Inc,11.96,0.17,1.44%,11.81,12.23,11.7,8155500,03/02/2020
MCD,McDonald's Corp,202.55,8.38,4.32%,193.81,202.55,193.18,6154100,03/02/2020
MCHP,Microchip Technology,95.22,4.51,4.97%,91.6,95.28,90.09,4625100,03/02/2020
MCK,Mckesson Corp,150.41,10.55,7.54%,141.57,150.49,139.25,11921000,03/02/2020
MCO,Moody's Corp,259.52,19.49,8.12%,245.91,259.78,242.62,1526200,03/02/2020
MCY,Mercury General Corp,45.5,2.19,5.06%,43.35,45.53,43.26,419200,03/02/2020
MD,Mednax Inc,17.42,0.33,1.93%,17.09,17.63,16.79,2748600,03/02/2020
MDB,Mongodb Inc Cl A,155.64,3.14,2.06%,152.5,155.87,146.12,1361000,03/02/2020
MDLA,Medallia Inc,25.2,0.39,1.57%,24.71,25.32,23.83,1406800,03/02/2020
MDLZ,Mondelez Intl Inc,55.6,2.8,5.30%,52.63,55.63,52.49,12252601,03/02/2020
MDT,Medtronic Inc,102.62,1.95,1.94%,101.63,102.88,99.5,8358100,03/02/2020
MDU,Mdu Res Group Inc,29.16,1.43,5.16%,27.92,29.2,27.78,3013000,03/02/2020
MET,Metlife Inc,44.56,1.84,4.31%,42.93,44.58,42.71,13068601,03/02/2020
MFA,MFA Financial Inc,7.6,0.37,5.12%,7.27,7.62,7.25,6305800,03/02/2020
MGM,MGM Resorts International,25.05,0.49,2.00%,24.6,25.06,23.26,15648000,03/02/2020
MHK,Mohawk Industries,120.86,-0.29,-0.24%,121.59,122.61,118.95,1222900,03/02/2020
MIC,Macquarie Infrastructure Company Trust,40.42,1.17,2.98%,39.5,40.61,39.08,1186600,03/02/2020
MIDD,Middleby Corp,111.99,0.18,0.16%,111.91,112.3,105.65,405200,03/02/2020
MKC,Mccormick & Company Inc,152.47,6.28,4.30%,146.81,152.58,145.82,1122700,03/02/2020
MKL,Markel Corp,1262.7,81.1,6.86%,1181.6,1262.7,1176.48,55900,03/02/2020
MKSI,Mks Instruments Inc,100.78,0.59,0.59%,100.68,100.97,95.43,652000,03/02/2020
MKTX,Marketaxess Holdings,348.62,24.29,7.49%,324.92,349.93,321.3,386200,03/02/2020
MLM,Martin Marietta Materials,236.9,9.37,4.12%,228.05,237.15,227.67,891300,03/02/2020
MMC,Marsh & Mclennan Companies,108.01,3.45,3.30%,104.18,108.08,104.1,4028700,03/02/2020
MMM,3M Company,153.02,3.78,2.53%,151.34,153.43,148.37,8026200,03/02/2020
MNST,Monster Beverage Cp,64.77,2.36,3.78%,62.12,64.84,61.28,4547300,03/02/2020
MO,Altria Group,42.07,1.7,4.21%,40.46,42.08,40.06,14559900,03/02/2020
MOH,Molina Healthcare Inc,127.32,4.77,3.89%,123.48,127.63,119.92,850900,03/02/2020
MORN,Morningstar Inc,149.44,2.54,1.73%,148.05,149.55,144.76,127300,03/02/2020
MOS,Mosaic Company,17.66,0.63,3.70%,17.15,17.66,16.9,6259700,03/02/2020
MPC,Marathon Petroleum Corp,47.73,0.31,0.65%,47.89,48.21,45.69,11884601,03/02/2020
MPW,Medical Properties Trust,22.28,1.15,5.44%,21.36,22.28,21.06,6574300,03/02/2020
MPWR,Monolithic Power Sys,164.12,5.48,3.45%,160.86,164.57,156.35,370500,03/02/2020
MRK,Merck & Company,81.37,4.81,6.28%,77.13,81.55,77.08,17977600,03/02/2020
MRNA,Moderna Inc,29.88,3.95,15.23%,27,30.75,25.21,33079500,03/02/2020
MRO,Marathon Oil Corp,8.34,0.06,0.72%,8.45,8.45,7.93,23726100,03/02/2020
MRVL,Marvell Tech Group,21.96,0.66,3.10%,21.6,22,20.79,13312399,03/02/2020
MS,Morgan Stanley,46.48,1.45,3.22%,45.11,46.48,44.4,23234100,03/02/2020
MSCI,MSCI Inc,315.53,20.09,6.80%,299.44,316.05,297.26,1152400,03/02/2020
MSFT,Microsoft Corp,172.79,10.78,6.65%,165.31,172.92,162.31,71030602,03/02/2020
MSG,The Madison Square Garden Comp,265.4,-2.42,-0.90%,269.62,269.62,259.01,329800,03/02/2020
MSI,Motorola Solutions,173.49,7.81,4.71%,166.81,173.55,166.17,1510200,03/02/2020
MSM,Msc Industrial Direct Company,63.97,2.15,3.48%,62.25,64.04,60.65,893700,03/02/2020
MTB,M&T Bank Corp,147.51,7.13,5.08%,140.38,147.56,137.51,1320600,03/02/2020
MTCH,Match Group Inc CS,68.14,3.14,4.83%,65,68.21,63.53,3845300,03/02/2020
MTD,Mettler-Toledo International,724.14,22.44,3.20%,704.48,725.59,698.49,306800,03/02/2020
MTG,Mgic Investment Corp,12.75,0.72,5.99%,12.05,12.76,12.01,5167500,03/02/2020
MTN,Vail Resorts,209.94,-2.67,-1.26%,213.19,214.31,206.04,518100,03/02/2020
MU,Micron Technology,54.59,2.03,3.86%,53.2,54.69,52.1,33272801,03/02/2020
MUR,Murphy Oil Corp,19.06,0.21,1.11%,19.28,19.38,18.23,3963800,03/02/2020
MXIM,Maxim Integrated,57.81,2.19,3.94%,55.88,57.86,55.18,2277400,03/02/2020
MYL,Mylan NV Ord Shs,17.48,0.29,1.69%,17.23,17.72,16.79,8359101,03/02/2020
NATI,Natl Instruments Cor,40.31,0.03,0.06%,40.56,40.86,39.19,942300,03/02/2020
NAVI,Navient Cp,11.58,0.35,3.12%,11.3,11.58,10.92,3995500,03/02/2020
NBIX,Neurocrine Bioscienc,96.31,1.61,1.70%,94.16,96.55,93.02,775000,03/02/2020
NBL,Noble Energy Inc,15.8,-0.03,-0.19%,16.1,16.1,15.25,7943700,03/02/2020
NCLH,Norwegian Cruise Ord,35.59,-1.67,-4.48%,37.1,37.1,33.98,7318800,03/02/2020
NCR,NCR Corp,25.98,0.78,3.10%,25.58,26.07,24.32,1609700,03/02/2020
NDAQ,Nasdaq Inc,110.12,7.57,7.38%,103,110.35,103,1264000,03/02/2020
NDSN,Nordson Corp,147.91,2.61,1.80%,146.46,148.34,143.53,513400,03/02/2020
NEE,Nextera Energy,268.35,15.59,6.17%,253.65,268.9,252.33,4826700,03/02/2020
NEM,Newmont Mining Corp,46.83,2.2,4.93%,45.65,46.91,45.39,12708700,03/02/2020
NEU,Newmarket Corp,399.94,11.35,2.92%,389.7,403.12,389.7,58300,03/02/2020
NEWR,New Relic Inc,54.92,-1.34,-2.38%,56.44,56.44,53.33,1135400,03/02/2020
NFG,National Fuel Gas Company,38.46,1.85,5.05%,37.03,38.66,36.56,917900,03/02/2020
NFLX,Netflix Inc,381.05,12.02,3.26%,373.11,381.36,364.5,6997900,03/02/2020
NI,NiSource Inc,28.56,1.54,5.70%,27.02,28.56,26.89,7194500,03/02/2020
NKE,Nike Inc,92.68,3.3,3.69%,89.59,93.14,87.91,14102001,03/02/2020
NKTR,Nektar Therapeutics,20.1,-0.71,-3.41%,20.83,20.95,19.63,2436600,03/02/2020
NLOK,Nortonlifelock Inc.,19.93,0.9,4.73%,19.04,19.95,18.88,9903300,03/02/2020
NLSN,Nielsen Holdings Plc,18.12,-0.09,-0.49%,18.33,18.33,17.68,7647000,03/02/2020
NLY,Annaly Capital Management Inc,9.44,0.58,6.55%,9,9.47,8.96,27051500,03/02/2020
NNN,National Retail Properties,52.4,1.55,3.05%,51.16,52.45,50.15,1148400,03/02/2020
NOC,Northrop Grumman Corp,335.99,7.15,2.17%,330.46,336.93,321.86,1547000,03/02/2020
NOV,National-Oilwell,19.82,1.11,5.93%,19.03,19.82,18.41,5318900,03/02/2020
NOW,Servicenow Inc,344.4,18.31,5.62%,333.83,344.48,326.32,2699900,03/02/2020
NRG,NRG Energy,34.17,0.96,2.89%,33.31,34.19,32.86,3885100,03/02/2020
NRZ,New Residential Investment Corp,16.54,0.98,6.30%,15.68,16.54,15.68,7946100,03/02/2020
NSC,Norfolk Southern Corp,182.59,0.24,0.13%,183.74,184.62,177.49,2540500,03/02/2020
NTAP,Netapp Inc,47.57,0.85,1.82%,47.04,47.62,45.81,3145700,03/02/2020
NTNX,Nutanix Inc,24.09,0.25,1.05%,24.63,24.85,22.9,4693000,03/02/2020
NTRS,Northern Trust Corp,88.49,0.73,0.83%,87.74,88.55,84.7,3152600,03/02/2020
NUAN,Nuance Communicatns,22.38,0.76,3.52%,21.74,22.41,21.25,3601800,03/02/2020
NUE,Nucor Corp,42.7,1.35,3.26%,41.66,42.72,40.42,4039900,03/02/2020
NUS,Nu Skin Enterprises,24.75,0.23,0.94%,24.69,24.8,24,2174200,03/02/2020
NVDA,Nvidia Corp,276.43,6.36,2.35%,276.9,277.59,261,22268600,03/02/2020
NVR,NVR Inc,3788.31,121.13,3.30%,3740,3788.31,3647.24,31100,03/02/2020
NVST,Envista Holdings Corp,25.63,0.25,0.99%,25.51,25.72,24.96,2295400,03/02/2020
NVT,Nvent Electric Plc,25.11,1.1,4.58%,24.24,25.17,23.63,1068500,03/02/2020
NWL,Newell Rubbermaid Inc,16.45,1.02,6.61%,15.51,16.48,15.37,7320400,03/02/2020
NWS,News Cp Cl B,12.66,0.22,1.77%,12.49,12.68,12.09,1875800,03/02/2020
NWSA,News Cp Cl A,12.43,0.35,2.90%,12.12,12.44,11.74,4424800,03/02/2020
NXST,Nexstar Broadcasting,115.38,0.4,0.35%,115.4,116.67,107.63,1152300,03/02/2020
NYCB,New York Community Bancorp,11.2,0.39,3.61%,10.8,11.24,10.63,7378800,03/02/2020
NYT,New York Times Company,37.27,-0.19,-0.51%,37.69,38.09,35.68,2397600,03/02/2020
O,Realty Income Corp,74.99,2.6,3.59%,72.99,75.06,71.66,4511800,03/02/2020
OC,Owens Corning Inc,58.42,1.93,3.42%,56.75,58.42,55.7,2022100,03/02/2020
ODFL,Old Dominion Freig,200.08,6.28,3.24%,192.92,201.03,189.43,945200,03/02/2020
OFC,Corporate Office Properties,26.58,1.24,4.89%,25.44,26.59,24.98,837100,03/02/2020
OGE,Oge Energy Corp,39.48,1.38,3.62%,38.23,39.61,37.75,3574400,03/02/2020
OHI,Omega Healthcare Investors,39.39,-0.21,-0.53%,40.03,40.28,38.57,4181400,03/02/2020
OI,Owens-Illinois,10.72,-0.08,-0.74%,10.9,10.91,10.34,2167600,03/02/2020
OKE,Oneok Inc,69.13,2.41,3.61%,67.65,69.52,66.82,5239000,03/02/2020
OKTA,Okta Inc Cl A,133.43,5.37,4.19%,130.05,133.64,126.68,1913300,03/02/2020
OLED,Universal Display,159.27,0.48,0.30%,161.06,161.94,153.05,719500,03/02/2020
OLLI,Ollies Bargain CS,52.27,1.4,2.75%,51.07,52.34,48.66,1773200,03/02/2020
OLN,Olin Corp,16.93,0.74,4.57%,16.55,16.93,15.6,4067300,03/02/2020
OMC,Omnicom Group Inc,70.36,1.08,1.56%,69.41,70.47,67.55,3538400,03/02/2020
OMF,Onemain Holdings Inc,38.57,1.82,4.95%,37.7,38.71,37,1185600,03/02/2020
ON,On Semiconductor,18.93,0.27,1.45%,18.79,18.93,18.07,8422100,03/02/2020
ORCL,Oracle Corp,50.9,1.44,2.91%,49.73,50.9,48.67,17328600,03/02/2020
ORI,Old Republic International Corp,21.13,1.41,7.15%,19.88,21.13,19.81,2571800,03/02/2020
ORLY,O'Reilly Automotive,378.39,9.67,2.62%,367.01,378.39,364.45,1222600,03/02/2020
OSK,Oshkosh Truck Corp,76.47,4.32,5.99%,72.99,76.73,71.3,1177600,03/02/2020
OUT,Outfront Media Inc,27.13,0.79,3.00%,26.37,27.17,25.93,2215800,03/02/2020
OXY,Occidental Petroleum Corp,32.95,0.21,0.64%,33.58,33.66,31.7,17223701,03/02/2020
OZK,Bank Ozk,26.42,1.03,4.06%,25.36,26.44,25.07,776800,03/02/2020
PACW,Pacwest Bancorp,32.73,1.09,3.45%,31.59,32.76,31.35,1458400,03/02/2020
PAG,Penske Automotive Group,46.79,0.77,1.67%,46.27,46.79,44.54,309500,03/02/2020
PANW,Palo Alto Networks Inc,189.29,4.67,2.53%,184.91,189.49,179.11,2159700,03/02/2020
PAYC,Paycom Software Inc,291.96,9.31,3.29%,285.65,292.33,276.12,811000,03/02/2020
PAYX,Paychex Inc,82.08,4.6,5.94%,77.61,82.23,76.88,3501000,03/02/2020
PB,Prosperity Bancshares,68.02,3.42,5.29%,64.97,68.07,64.31,646700,03/02/2020
PBCT,People's United Finl,14.89,0.9,6.40%,13.98,14.89,13.84,8315101,03/02/2020
PBF,PBF Energy Inc,21.97,-0.42,-1.88%,22.49,22.67,20.81,4229500,03/02/2020
PCAR,Paccar Inc,69.68,2.78,4.16%,67.32,69.69,66.26,2582600,03/02/2020
PCG,Pacific Gas & Electric Company,15.05,-0.45,-2.90%,15.58,15.65,14.88,14760199,03/02/2020
PCTY,Paylocity Hld Corp,133.22,3.7,2.86%,128.9,133.5,127.86,409900,03/02/2020
PD,Pagerduty Inc,20.87,0.27,1.31%,20.99,21.25,20.04,1336800,03/02/2020
PE,Parsley Energy,13.18,-0.22,-1.64%,13.64,13.68,12.83,8271500,03/02/2020
PEAK,Healthpeak Properties Inc.,32.83,1.19,3.76%,31.87,32.85,31.33,5655300,03/02/2020
PEG,Public Service Enterprise Group Inc,53.71,2.4,4.68%,51.35,53.76,51.27,4264100,03/02/2020
PEGA,Pegasystems Inc,90.44,-0.06,-0.07%,91.54,91.54,88.75,459800,03/02/2020
PEN,Penumbra Inc,172.27,6.41,3.86%,167.84,174.99,166.7,488900,03/02/2020
PEP,Pepsico Inc,137.58,5.55,4.20%,132,137.77,131.72,8504500,03/02/2020
PFE,Pfizer Inc,34.88,1.46,4.37%,33.91,34.95,33.44,39880801,03/02/2020
PFG,Principal Financial Group Inc,47.08,2.69,6.06%,44.6,47.11,43.97,2399100,03/02/2020
PFPT,Proofpoint Inc,113.29,6.64,6.23%,109.17,113.29,107.45,1148100,03/02/2020
PG,Procter & Gamble Company,119.56,6.33,5.59%,112.81,119.79,112.55,12399700,03/02/2020
PGR,Progressive Corp,78.88,5.72,7.82%,73.6,78.91,73.59,4671500,03/02/2020
PGRE,Paramount Group Inc,12.45,0.3,2.47%,12.22,12.46,12.01,3235600,03/02/2020
PH,Parker-Hannifin Corp,192.59,7.82,4.23%,186.2,193.03,182.75,1121900,03/02/2020
PHM,Pultegroup,41.55,1.35,3.36%,40.49,41.74,39.64,5879400,03/02/2020
PII,Polaris Industries Inc,85.07,2.54,3.08%,82.96,85.08,80.55,864500,03/02/2020
PINC,Premier Inc Cl A,30.69,1.26,4.28%,29.4,30.74,29.39,581900,03/02/2020
PK,Park Hotels & Resorts Inc,18.83,0.57,3.12%,18.36,18.83,17.73,5441500,03/02/2020
PKG,Packaging Corp of America,94.8,4.18,4.61%,91.27,94.81,89.16,965000,03/02/2020
PKI,Perkinelmer,86.79,0.35,0.40%,86.56,88.28,84.22,1269600,03/02/2020
PLAN,Anaplan Inc,45.56,0.62,1.38%,45.5,45.79,42.7,5553800,03/02/2020
PLD,Prologis Inc,88.27,3.99,4.73%,85.1,88.27,83.5,5715200,03/02/2020
PLNT,Planet Fitness,68.48,0.99,1.47%,67.84,68.69,64.24,2959100,03/02/2020
PM,Philip Morris International Inc,84.97,3.1,3.79%,81.61,85.04,80.81,6916600,03/02/2020
PNC,PNC Bank,132.64,6.24,4.94%,126.82,132.76,124.65,2965200,03/02/2020
PNFP,Pinnacle Finl Ptnrs,55.09,2.45,4.65%,52.61,55.09,51.52,519400,03/02/2020
PNR,Pentair Ltd,41.08,1.69,4.29%,39.47,41.14,39.04,1606000,03/02/2020
PNW,Pinnacle West Capital Corp,94.91,5.42,6.06%,90,94.99,89.59,1534500,03/02/2020
PODD,Insulet Corp,181.51,-8.46,-4.45%,180,184.22,175.51,1433700,03/02/2020
POOL,Pool Corp,210.92,-0.04,-0.02%,210.61,212.52,203.49,366200,03/02/2020
POST,Post Holdings Inc,103.17,1.91,1.89%,101.67,103.31,100.57,1239500,03/02/2020
PPC,Pilgrim's Pride,21.49,0.33,1.56%,21.22,21.82,20.88,1191800,03/02/2020
PPG,PPG Industries,105.31,0.86,0.82%,104.92,106.31,104.07,3748800,03/02/2020
PPL,PPL Corp,31.81,1.8,6.00%,30.31,31.83,30.22,9559300,03/02/2020
PRAH,Pra Health,99.81,5.61,5.96%,94.89,100.24,93.59,573500,03/02/2020
PRGO,Perrigo Company,54.06,3.37,6.65%,50.98,54.06,50.47,3012900,03/02/2020
PRI,Primerica Inc,116.23,4.89,4.39%,112.06,116.39,111.21,294700,03/02/2020
PRU,Prudential Financial Inc,79.56,4.11,5.45%,76.02,79.73,75.29,5089100,03/02/2020
PS,Pluralsight Inc Cl A,17.26,-0.57,-3.20%,18.04,18.04,16.78,1564300,03/02/2020
PSA,Public Storage,219.25,10.13,4.84%,210.34,219.8,209.94,1548300,03/02/2020
PSTG,Pure Storage Inc,15.76,0.5,3.28%,15.4,15.76,14.72,6021800,03/02/2020
PSX,Phillips 66,75.11,0.25,0.33%,75.27,75.45,72.22,5279300,03/02/2020
PTC,Ptc Inc,74.68,-0.87,-1.15%,76.33,76.72,72.91,1644000,03/02/2020
PTEN,Patterson-Uti Energy,5.74,0.01,0.09%,5.83,5.96,5.36,6223400,03/02/2020
PVH,Phillips-Van Heusen Corp,74.59,0.48,0.65%,74.8,75.04,71.93,1294300,03/02/2020
PWR,Quanta Services,38.83,0.7,1.84%,37.53,39.04,37.1,3123300,03/02/2020
PXD,Pioneer Natural Resources Company,124.32,1.54,1.25%,124.46,125.13,119.27,3385200,03/02/2020
PYPL,Paypal Holdings,112.86,4.87,4.51%,107.46,113.05,106.53,13366900,03/02/2020
QCOM,Qualcomm Inc,80.56,2.26,2.89%,79.01,80.71,77.13,15043300,03/02/2020
QGEN,Qiagen N.V.,36.12,0.22,0.61%,36.42,36.48,34.79,2828100,03/02/2020
QRTEA,Qurate Retail Group,6.5,-0.32,-4.69%,6.79,6.79,6.2,7618000,03/02/2020
QRVO,Qorvo Inc,100.44,-0.14,-0.14%,101.09,101.78,96.36,2626200,03/02/2020
R,Ryder System,37.48,-0.56,-1.47%,38.56,38.56,36.37,1513100,03/02/2020
RBC,Regal-Beloit Corp,80.9,3.26,4.20%,78.43,81.27,76.67,393700,03/02/2020
RCL,Royal Caribbean Cruises Ltd,80.56,0.15,0.19%,80.41,81.51,76.78,7890100,03/02/2020
RE,Everest Re Group,258.16,10.28,4.15%,248.01,260.1,247.74,771600,03/02/2020
REG,Regency Centers Corp,60.29,2.85,4.96%,57.67,60.4,57.51,1555800,03/02/2020
REGN,Regeneron Pharmaceuticals,464.75,20.18,4.54%,445,465.51,445,1713200,03/02/2020
REZI,Resideo Technologies Inc,10.18,-0.57,-5.30%,10.87,10.88,10,2440900,03/02/2020
RF,Regions Financial Corp,14.51,0.99,7.32%,13.55,14.53,13.4,23705400,03/02/2020
RGA,Reinsurance Group of America Inc,129.97,7.94,6.51%,122.47,130.43,122.39,1081900,03/02/2020
RGLD,Royal Gold Inc,100.05,3.58,3.71%,97.28,100.68,96.57,852000,03/02/2020
RHI,Robert Half International Inc,51.07,0.66,1.31%,50.71,51.07,49.06,1438800,03/02/2020
RIG,Transocean Inc,3.55,0.2,5.97%,3.41,3.55,3.15,26755199,03/02/2020
RJF,Raymond James Financial,87.14,3.51,4.20%,84.17,87.18,82.58,1709500,03/02/2020
RL,Ralph Lauren Corp,107.61,2.1,1.99%,105.71,107.61,103.96,1555500,03/02/2020
RMD,Resmed Inc,168.75,9.79,6.16%,160.5,168.91,160.05,1258800,03/02/2020
RNG,Ringcentral Inc,239.89,4.14,1.76%,237.63,240.56,228.8,1644500,03/02/2020
RNR,Renaissancere Holdings Ltd,181.67,11.27,6.61%,170.84,182.02,170.84,499800,03/02/2020
ROK,Rockwell Automation Inc,190.59,7.09,3.86%,184.67,191.07,183.28,1649700,03/02/2020
ROKU,Roku Inc,114.67,1,0.88%,115.49,116.16,111.33,9298100,03/02/2020
ROL,Rollins Inc,39.11,1.67,4.46%,37.54,39.18,36.94,2190700,03/02/2020
ROP,Roper Industries,361.02,9.32,2.65%,354.09,361.66,346.96,781400,03/02/2020
ROST,Ross Stores Inc,111.98,3.2,2.94%,109.22,112,105.95,3138000,03/02/2020
RP,Realpage Inc,62.18,-1.92,-3.00%,64.54,64.82,60.16,1243800,03/02/2020
RPAI,Retail Properties of America,10.69,0.22,2.10%,10.56,10.72,10.2,2730700,03/02/2020
RPM,RPM International Inc,66.02,1.91,2.98%,64.38,66.07,63.22,930600,03/02/2020
RRC,Range Resources Corp,2.63,-0.14,-5.05%,2.82,2.84,2.57,12560300,03/02/2020
RS,Reliance Steel & Aluminum Company,105.77,3.48,3.40%,102.83,105.9,101.38,1159700,03/02/2020
RSG,Republic Services,94.08,3.82,4.23%,90.9,94.29,90.39,1857300,03/02/2020
RTN,Raytheon Company,192.46,3.9,2.07%,189.41,193.71,184,3744100,03/02/2020
RYN,Rayonier Inc REIT,27,0.47,1.77%,26.62,27.24,26.3,1050000,03/02/2020
S,Sprint Corp,9.52,0.33,3.59%,9.17,9.52,9.03,25690299,03/02/2020
SABR,Sabre Corp,13.42,-0.19,-1.43%,13.86,13.86,13.05,6238900,03/02/2020
SAGE,Sage Therapeutic Com,53.36,6.36,13.53%,49.6,53.39,47.7,2052200,03/02/2020
SATS,Echostar Corp,35.3,0.38,1.09%,35.44,35.45,33.88,1070900,03/02/2020
SBAC,SBA Communications,285.05,19.96,7.53%,266.95,285.2,265.95,1231400,03/02/2020
SBGI,Sinclair Brdcst A,23.54,0.33,1.42%,23.25,23.58,22.23,2753500,03/02/2020
SBNY,Signature Bank,131.55,6.45,5.16%,125.01,131.88,125.01,560400,03/02/2020
SBUX,Starbucks Corp,82.38,3.95,5.04%,77.92,82.41,77.66,14258600,03/02/2020
SC,Santander Consumer USA Holdings,24.05,-0.35,-1.43%,24.32,24.48,23.44,3080800,03/02/2020
SCCO,Southern Peru Copper Corp,35.15,1.5,4.46%,33.95,35.25,33.25,1266800,03/02/2020
SCHW,The Charles Schwab Corp,41.98,1.23,3.02%,40.9,42.05,39.57,21834199,03/02/2020
SCI,Service Corp International,50.43,2.64,5.52%,48.05,50.46,47.47,1479400,03/02/2020
SEB,Seaboard Corp,3537.54,122.54,3.59%,3491,3600,3403.95,900,03/02/2020
SEE,Sealed Air Corp,31.44,1.13,3.73%,30.37,31.52,29.69,2544600,03/02/2020
SEIC,Sei Investments Company,57.29,2.58,4.72%,54.94,57.34,54,1258500,03/02/2020
SERV,Servicemaster Global Holdings,37.89,2.12,5.93%,35.95,37.99,35.24,2406900,03/02/2020
SFM,Sprouts Farmers Mark,16.62,0.64,4.01%,16.15,16.64,15.86,2517500,03/02/2020
SGEN,Seattle Genetics Inc,111.88,-1.98,-1.74%,108.17,111.96,102.03,3334100,03/02/2020
SHW,Sherwin-Williams Company,538.32,21.57,4.17%,522.02,538.32,513.02,840300,03/02/2020
SIRI,Sirius XM Holdings,6.55,0.21,3.31%,6.28,6.55,6.26,37938602,03/02/2020
SITC,Site Centers Corp,11.85,0.34,2.95%,11.56,11.89,11.27,1877200,03/02/2020
SIVB,Svb Financial Group,216.75,8.59,4.13%,209.56,216.89,202.14,661100,03/02/2020
SIX,Six Flags Entertainment Corp,25.14,-0.14,-0.55%,25.31,25.31,23.51,3846000,03/02/2020
SJM,J.M. Smucker Company,106.74,3.75,3.64%,103.5,106.77,103.02,1046400,03/02/2020
SKX,Skechers U.S.A.,33.83,0.75,2.27%,33.18,33.85,32.46,2877700,03/02/2020
SLB,Schlumberger N.V.,27.79,0.7,2.58%,27.65,27.79,26.17,23253000,03/02/2020
SLG,SL Green Realty Corp,81.37,2.93,3.74%,78.91,81.68,77.08,1031400,03/02/2020
SLGN,Silgan Holdings,30.36,1.73,6.04%,28.74,30.36,28.63,622200,03/02/2020
SLM,SLM Corp,10.96,0.59,5.69%,10.5,10.98,10.23,5134300,03/02/2020
SMAR,Smartsheet Inc Cl A,47.18,0.88,1.90%,46.67,47.31,45.46,907200,03/02/2020
SMG,Scotts Miracle-Gro Company,114.85,8.86,8.36%,106.74,114.96,106.05,728700,03/02/2020
SNA,Snap-On Inc,148.71,3.96,2.74%,145.7,148.71,142.91,653400,03/02/2020
SNDR,Schneider National Inc,18.32,0.41,2.29%,18.04,18.33,17.63,503000,03/02/2020
SNPS,Synopsys Inc,141.63,3.7,2.68%,137.96,141.73,135.41,1692700,03/02/2020
SNV,Synovus Financial Corp,30.06,1.04,3.58%,29.07,30.1,28.29,2735000,03/02/2020
SNX,Synnex Corp,129.81,4.78,3.82%,126.52,129.92,123.21,465400,03/02/2020
SO,Southern Company,63.93,3.57,5.91%,60.66,64.15,60.27,7744600,03/02/2020
SON,Sonoco Products Company,50.7,2.49,5.16%,48.57,50.8,47.61,1114200,03/02/2020
SPB,Spectrum Brands Holdings Inc,57.71,3.82,7.09%,53.78,57.79,53.24,596700,03/02/2020
SPG,Simon Property Group,127.22,4.14,3.36%,123.45,127.33,120.35,3437900,03/02/2020
SPGI,S&P Global Inc,289.31,23.4,8.80%,271.05,291.27,269.22,3140700,03/02/2020
SPLK,Splunk Inc,152.02,4.69,3.18%,151.05,152.2,145.95,2175500,03/02/2020
SPOT,Spotify Technology S.A.,139.34,2.22,1.62%,137.98,139.79,134.61,1001800,03/02/2020
SPR,Spirit Aerosystems Holdings,52.98,0.14,0.26%,53.1,53.41,49.81,2794100,03/02/2020
SQ,Square,80.67,-2.66,-3.19%,82.8,84.42,79.57,17799900,03/02/2020
SRC,Spirit Realty Capital Inc,47.17,1.67,3.67%,45.82,47.27,44.63,1165000,03/02/2020
SRCL,Stericycle Inc,63.6,6.17,10.74%,57.21,63.7,56.78,1201400,03/02/2020
SRE,Sempra Energy,142.23,2.45,1.75%,140.46,143.7,139.17,3323600,03/02/2020
SRPT,Sarepta Therapeutics,119.86,5.39,4.71%,115.57,120.14,111.27,1049800,03/02/2020
SSNC,SS&C Technologies,57.63,2.13,3.84%,56.11,57.64,55,2112900,03/02/2020
ST,Sensata Technologies Holding N.V.,41.19,0.39,0.96%,41,41.32,39.98,1700100,03/02/2020
STAY,Extended Stay America Inc,11.22,0.24,2.19%,11.11,11.23,10.62,2155900,03/02/2020
STE,Steris Corp,163.4,4.78,3.01%,159.05,163.4,156.09,1089600,03/02/2020
STL,Sterling Bancorp,17.7,1.12,6.76%,16.79,17.7,16.58,2628500,03/02/2020
STLD,Steel Dynamics Inc,27.29,0.66,2.48%,26.61,27.3,25.78,4749500,03/02/2020
STOR,Store Capital Corpstore Capital,33.75,0.89,2.71%,33.05,33.85,32.33,2016600,03/02/2020
STT,State Street Corp,68.69,0.58,0.85%,67.96,68.84,65.6,4156900,03/02/2020
STWD,Starwood Property Trust,23.57,1.39,6.27%,22.28,23.67,22.27,3608100,03/02/2020
STZ,Constellation Brands Inc,177.22,4.84,2.81%,173.25,177.22,169.27,2010400,03/02/2020
SUI,Sun Communities,160.18,7.3,4.77%,154.06,160.32,153.84,622600,03/02/2020
SVC,Service Properties Trust,18.18,0.1,0.55%,17.77,18.3,17.08,3113600,03/02/2020
SWCH,Switch Inc,14.95,0.61,4.25%,14.59,15.06,14.03,2221300,03/02/2020
SWI,Solarwinds Corp,18.48,0.26,1.43%,18.26,18.97,18.07,1141300,03/02/2020
SWK,Stanley Black & Decker Inc,142.42,-1.28,-0.89%,143.87,143.93,137.09,2475900,03/02/2020
SWKS,Skyworks Solutions,104.27,4.09,4.08%,101.29,104.33,98.75,2899600,03/02/2020
SYF,Synchrony Financial,30.39,1.29,4.43%,29.28,30.4,29.15,10614500,03/02/2020
SYK,Stryker Corp,197.22,6.63,3.48%,192.44,197.25,190.57,2504000,03/02/2020
SYY,Sysco Corp,69.68,3.03,4.55%,67.11,69.89,67.02,5054900,03/02/2020
T,AT&T Inc,37.18,1.96,5.57%,35.37,37.42,35.29,68432703,03/02/2020
TAP,Molson Coors Brewing Company,51.48,1.87,3.77%,49.61,51.48,49.35,2477200,03/02/2020
TCBI,Texas Capital Bncsh,48.75,1.67,3.55%,46.97,48.78,46.21,466600,03/02/2020
TCF,TCF Financial Corp,37.88,1.44,3.95%,36.88,37.94,35.92,1552300,03/02/2020
TCO,Taubman Centers,52.56,0.5,0.96%,52.2,52.83,52.12,4955400,03/02/2020
TDC,Teradata Corp,20.87,0.93,4.66%,20.12,20.89,19.61,1510500,03/02/2020
TDG,Transdigm Group Inc,568.46,10.65,1.91%,559.7,571.4,546.36,527900,03/02/2020
TDS,Telephone and Data Systems,20.81,0.67,3.33%,20.33,20.84,19.5,1077100,03/02/2020
TDY,Teledyne Technologies Inc,345.9,8.58,2.54%,337.32,346.95,331.33,300200,03/02/2020
TEAM,Atlassian Cls A Ord,146.82,1.86,1.28%,147.57,149.83,142.53,2051400,03/02/2020
TECH,Bio-Techne Cp,197.64,8.75,4.63%,190.21,198.37,188.98,216300,03/02/2020
TER,Teradyne Inc,60.49,1.73,2.94%,59.41,60.68,57.58,2780200,03/02/2020
TFC,Truist Financial Corp.,48.81,2.67,5.79%,48.14,48.82,45.61,8156600,03/02/2020
TFSL,Tfs Financial Corp,21.65,1.2,5.90%,20.71,21.76,20.47,416000,03/02/2020
TFX,Teleflex Inc,353.61,18.59,5.55%,335.01,354.3,334.27,403300,03/02/2020
TGT,Target Corp,109.06,6.06,5.88%,103.38,109.44,102.95,9691000,03/02/2020
THG,The Hanover Insurance Group,124.46,5.92,4.99%,118.75,124.58,118.07,388800,03/02/2020
THO,Thor Industries,77.55,2.14,2.84%,75.78,77.62,71.89,986300,03/02/2020
THS,Treehouse Foods,40.6,2.49,6.53%,38.71,40.63,38.71,752200,03/02/2020
TIF,Tiffany & Company,133.67,0.08,0.06%,133.6,133.83,133.22,4772600,03/02/2020
TJX,TJX Companies,62.19,2.39,4.00%,60.22,62.32,59.37,10155000,03/02/2020
TKR,Timken Company,45.31,0.47,1.05%,45.28,45.32,43.91,1283800,03/02/2020
TMO,Thermo Fisher Scientific Inc,304.96,14.16,4.87%,291.03,304.96,288.86,2740900,03/02/2020
TMUS,T-Mobile US,93.29,3.13,3.47%,90.28,93.36,88.98,5160500,03/02/2020
TOL,Toll Brothers Inc,38.7,1.67,4.51%,37.19,38.7,37.1,3751000,03/02/2020
TPR,Tapestry Inc,23.69,0.24,1.02%,23.51,23.75,22.68,5852900,03/02/2020
TPX,Tempur-Pedic International Inc,77.53,2.78,3.72%,75.27,77.9,73.47,1719600,03/02/2020
TREE,Lendingtree Inc,283.91,8.09,2.93%,277.94,284.3,272.02,165000,03/02/2020
TRGP,Targa Resources,33.91,1.51,4.66%,32.98,33.99,32.1,2976300,03/02/2020
TRIP,Tripadvisor Inc,24.11,0.66,2.81%,23.4,24.12,22.54,4817800,03/02/2020
TRMB,Trimble Navigation,41,1.52,3.85%,39.88,41.05,39.01,1492300,03/02/2020
TRN,Trinity Industries,21,0.65,3.19%,20.43,21.03,19.9,1889100,03/02/2020
TROW,T Rowe Price Group,125.48,7.47,6.33%,118.39,125.67,117.76,2737000,03/02/2020
TRU,Transunion,92.65,3.73,4.19%,89.48,92.9,89.2,1616900,03/02/2020
TRV,The Travelers Companies Inc,127.68,7.87,6.57%,119.81,127.69,119.33,3349900,03/02/2020
TSCO,Tractor Supply Company,91.48,2.97,3.36%,88.5,91.53,87.68,1659700,03/02/2020
TSLA,Tesla Inc,743.62,75.63,11.32%,691,743.69,686.67,20194900,03/02/2020
TSN,Tyson Foods,70.54,2.71,4.00%,68.32,70.56,67.72,3780600,03/02/2020
TTC,Toro Company,75.07,3.64,5.10%,71.87,75.89,70.94,692400,03/02/2020
TTD,Trade Desk Inc,288.11,0.86,0.30%,295.51,297.5,275.02,3032000,03/02/2020
TTWO,Take-Two Interacti,112.06,4.58,4.26%,108.58,112.13,107.92,2321900,03/02/2020
TWLO,Twilio,111.48,-1.16,-1.03%,113.15,114.25,108.01,3218400,03/02/2020
TWO,Two Harbors Investments Corp,14.29,0.74,5.46%,13.72,14.36,13.61,3821300,03/02/2020
TWOU,2U Inc,24.7,1.19,5.06%,23.92,24.75,22.81,1096900,03/02/2020
TWTR,Twitter Inc,35.82,2.62,7.89%,36,36.86,35.14,39914699,03/02/2020
TXN,Texas Instruments,118.97,4.83,4.23%,115.16,119.07,113.32,7207400,03/02/2020
TXT,Textron Inc,41.77,1.17,2.88%,40.84,41.77,39.47,2016500,03/02/2020
TYL,Tyler Technologies,331.66,18.31,5.84%,314.45,332.65,313,567200,03/02/2020
UA,Under Armour Inc Cl C,12.49,0.01,0.08%,12.55,12.63,12.19,6345200,03/02/2020
UAA,Under Armour,14.1,-0.09,-0.63%,14.36,14.37,13.75,11772800,03/02/2020
UAL,United Continental Holdings,61.26,-0.33,-0.54%,61.13,61.27,57.04,13015101,03/02/2020
UBER,Uber Technologies Inc,32.85,-1.02,-3.01%,34.05,34.08,31.74,46662000,03/02/2020
UDR,United Dominion Realty Trust,47.08,2.1,4.67%,45.33,47.22,45.16,2408800,03/02/2020
UFS,Domtar Corp,30.23,1.46,5.07%,29.18,30.26,28.34,1602200,03/02/2020
UGI,Ugi Corp,37.56,1.52,4.22%,36.21,37.56,36.11,1466400,03/02/2020
UHAL,A M E R C O,335.03,12.52,3.88%,328.8,337.9,325.25,83500,03/02/2020
UHS,Universal Health Services,131.82,8.08,6.53%,124.4,132.53,123.32,1050100,03/02/2020
UI,Ubiquiti Networks,139.88,4.22,3.11%,136.55,140.29,134.03,240600,03/02/2020
ULTA,Ulta Beauty Inc,260.99,3.9,1.52%,256.35,261,249.01,1148700,03/02/2020
UMPQ,Umpqua Holdings Corp,16.12,0.73,4.74%,15.37,16.12,15.14,2061400,03/02/2020
UNH,Unitedhealth Group Inc,273.11,18.15,7.12%,257.34,273.24,250.32,8866200,03/02/2020
UNM,Unumprovident Corp,25.04,1.73,7.42%,23.51,25.08,23.04,3963000,03/02/2020
UNP,Union Pacific Corp,160.34,0.53,0.33%,160.59,161.97,155.32,7065000,03/02/2020
UNVR,Univar Inc,17.31,0.32,1.88%,17.07,17.34,16.52,2097100,03/02/2020
UPS,United Parcel Service,92.75,2.26,2.50%,92.05,93.14,89.41,8738700,03/02/2020
URBN,Urban Outfitters Inc,23.02,-0.49,-2.08%,23.59,23.59,22.08,4907200,03/02/2020
URI,United Rentals,135.8,3.32,2.51%,134.52,135.8,127,1979300,03/02/2020
USB,U.S. Bancorp,48.16,1.72,3.70%,46.48,48.16,45.51,12673899,03/02/2020
USFD,US Foods Holding,34.78,1.14,3.39%,33.77,34.87,33.72,2183100,03/02/2020
USM,United States Cellular Corp,31.7,0.29,0.92%,31.58,31.81,30.59,270700,03/02/2020
UTHR,United Therapeutic,103.83,0.87,0.84%,103.15,104.13,99.5,644300,03/02/2020
UTX,United Technologies Corp,134.07,3.48,2.66%,131.5,134.13,128.25,9083600,03/02/2020
V,Visa Inc,192.33,10.57,5.82%,186.32,192.44,183.1,17434400,03/02/2020
VAR,Varian Medical Systems,126.55,3.58,2.91%,123.32,126.56,120.98,711200,03/02/2020
VEEV,Veeva Systems Inc,144.05,2.08,1.47%,142.29,144.48,138.48,1868500,03/02/2020
VER,Vereit Inc,8.89,0.23,2.66%,8.71,8.93,8.56,21874100,03/02/2020
VFC,V.F. Corp,74.65,2.65,3.68%,72.5,74.76,70.76,5197100,03/02/2020
VIAC,Viacomcbs Inc. Cl B,24.31,-0.3,-1.22%,24.75,24.8,23.27,18892199,03/02/2020
VIACA,Viacomcbs Inc. Cl A,29.18,-0.82,-2.73%,29.95,29.95,28.18,149300,03/02/2020
VICI,Vici Properties Inc,24.66,-0.4,-1.60%,25.17,25.32,24.06,6889800,03/02/2020
VIRT,Virtu Financial Cm A,19.67,0.86,4.57%,19.35,19.78,19.08,1790600,03/02/2020
VLO,Valero Energy Corp,67.87,1.62,2.45%,66.97,68.06,63.85,6526300,03/02/2020
VMC,Vulcan Materials Company,125.84,5.58,4.64%,120.68,126.25,119.69,1619500,03/02/2020
VMI,Valmont Industries,118.52,2.3,1.98%,117.34,118.59,113.39,128200,03/02/2020
VMW,Vmware Inc,121.74,1.22,1.01%,120.84,122.77,116.67,3551200,03/02/2020
VNO,Vornado Realty Trust,55.58,2,3.73%,53.94,55.59,53.28,2037700,03/02/2020
VOYA,VOYA Financial Inc,55.79,3.15,5.98%,52.87,55.84,52.51,2796400,03/02/2020
VRSK,Verisk Analytics Inc,163.13,8.02,5.17%,154.92,163.28,154.35,1516200,03/02/2020
VRSN,Verisign Inc,196.85,7.1,3.74%,189.39,196.86,187.09,901700,03/02/2020
VRTX,Vertex Pharmaceutic,232.29,8.26,3.69%,224.13,232.98,223.14,2406500,03/02/2020
VSAT,Viasat Inc,59.02,1.52,2.64%,57.89,59.08,55.5,735400,03/02/2020
VST,Vistra Energy Corp,20.14,0.91,4.73%,19.3,20.24,18.94,8020800,03/02/2020
VTR,Ventas Inc,52.36,-1.41,-2.62%,54,54.33,51.59,7626000,03/02/2020
VVV,Valvoline Inc,19.48,-0.02,-0.10%,19.6,19.66,19.16,4410500,03/02/2020
VZ,Verizon Communications Inc,57.32,3.16,5.83%,55.16,57.54,54.88,30736199,03/02/2020
W,Wayfair Inc,61.77,-1.44,-2.28%,62.99,63.3,55.2,5417400,03/02/2020
WAB,Wabtec Corp,68.37,-0.33,-0.48%,68.83,68.96,66.07,2582500,03/02/2020
WAL,Western Alliance Bancorp,47.49,1.45,3.15%,46.21,47.56,45.61,1011100,03/02/2020
WAT,Waters Corp,202.7,7.81,4.01%,195.28,202.82,191.51,961000,03/02/2020
WBA,Walgreens Boots Alliance,48.11,2.35,5.14%,45.92,48.18,45.47,11247801,03/02/2020
WBC,Wabco Holdings Inc,135.73,0.63,0.47%,135.55,136.01,135.15,1636400,03/02/2020
WBS,Webster Financial Corp,40.56,2.59,6.82%,38.02,40.61,37.59,1439900,03/02/2020
WCC,Wesco International,41.57,1,2.46%,40.94,41.87,39.16,1256200,03/02/2020
WDAY,Workday Inc,172.89,-0.36,-0.21%,174.85,176.37,167.69,3477700,03/02/2020
WDC,Western Digital Cp,60.04,4.48,8.06%,57.35,60.07,56.38,7553300,03/02/2020
WEC,Wisconsin Energy Corp,97.69,5.36,5.81%,92.89,97.72,92.73,2817600,03/02/2020
WELL,Welltower Inc,75.26,0.44,0.59%,75.25,75.74,72.85,5980800,03/02/2020
WEN,Wendys Company,19.62,0.74,3.92%,19.25,19.63,18.41,7431700,03/02/2020
WEX,Wex Inc,193.42,6.18,3.30%,189.53,194.09,182.66,728100,03/02/2020
WFC,Wells Fargo & Company,42.26,1.41,3.45%,40.98,42.28,39.46,44231199,03/02/2020
WH,Wyndham Hotels & Resorts Inc,52.96,2.01,3.95%,50.84,52.97,49.5,1782700,03/02/2020
WHR,Whirlpool Corp,133.87,6.01,4.70%,127.99,133.98,126.66,1481000,03/02/2020
WLK,Westlake Chemical Corp,57.3,1.43,2.56%,56.5,57.36,54.54,851900,03/02/2020
WLTW,Willis Towers WT,199.54,10.29,5.44%,189.71,199.85,189.04,1009800,03/02/2020
WM,Waste Management,117.03,6.22,5.61%,111.84,117.2,111.82,4006600,03/02/2020
WMB,Williams Companies,19.6,0.55,2.89%,19.17,19.6,18.48,21628600,03/02/2020
WMT,Wal-Mart Stores,115.88,8.2,7.62%,107.95,116.4,107.29,17074201,03/02/2020
WPC,W.P. Carey & Co. Llc,81.27,3.86,4.99%,77.82,81.42,77.68,984200,03/02/2020
WPX,Wpx Energy Inc,9.08,-0.25,-2.68%,9.5,9.52,8.74,13645800,03/02/2020
WRB,W.R. Berkley Corp,70.2,3.06,4.56%,67.28,70.21,66.56,1162900,03/02/2020
WRI,Weingarten Realty Investors,27.74,0.81,3.01%,27.08,27.74,26.31,1162300,03/02/2020
WRK,Westrock Company,34.19,0.94,2.83%,33.47,34.22,32.15,3966400,03/02/2020
WSM,Williams-Sonoma,64.6,2.21,3.54%,62.4,64.79,60.76,1300500,03/02/2020
WSO,Watsco Inc,164.3,7.32,4.66%,157.62,164.6,156.13,444700,03/02/2020
WST,West Pharmaceutical Services,156.49,5.93,3.94%,151.54,156.67,150.59,446400,03/02/2020
WTFC,Wintrust Finl Corp,55.79,2.38,4.46%,53.41,55.92,52.67,650100,03/02/2020
WTM,White Mountains Insurance Group,1006,15.9,1.61%,992.31,1008.91,985,20900,03/02/2020
WTRG,Essential Utilities Inc.,45.44,2.43,5.65%,43.2,45.46,43,2057800,03/02/2020
WU,Western Union Company,23.49,1.1,4.91%,22.53,23.5,22.32,9722800,03/02/2020
WWD,Woodward Inc,106.15,2.95,2.86%,103.49,106.3,100.66,728600,03/02/2020
WWE,World Wrestling Entertainment,46.36,-0.41,-0.88%,47,47.1,45.1,2025900,03/02/2020
WY,Weyerhaeuser Company,27.44,1.46,5.62%,26.14,27.44,25.65,6513300,03/02/2020
WYND,Wyndham Destinations Inc,40.86,0.96,2.41%,40.3,40.89,38.55,914200,03/02/2020
WYNN,Wynn Resorts Ltd,107.94,-0.04,-0.04%,107.95,109.41,104.35,4675300,03/02/2020
X,United States Steel Corp,8.27,0.25,3.12%,8.15,8.27,7.82,17369799,03/02/2020
XEC,Cimarex Energy Company,32.72,-0.33,-1.00%,33.63,33.88,31.81,26191801,03/02/2020
XEL,XCEL Energy Inc,65.87,3.55,5.70%,62.22,65.99,62.15,5117700,03/02/2020
XLNX,Xilinx Inc,84.61,1.12,1.34%,83.46,84.71,81.84,4361300,03/02/2020
XOM,Exxon Mobil Corp,53.88,2.44,4.74%,52.59,53.89,51.13,38127602,03/02/2020
XPO,Xpo Logistics Inc,75.99,2.02,2.73%,74.37,76.18,71.34,1739900,03/02/2020
XRAY,Dentsply Sirona Inc,49.65,0.41,0.83%,49.57,50.6,48.2,4040000,03/02/2020
XRX,Xerox Corp,33.51,1.31,4.07%,32.35,33.52,32.06,4163300,03/02/2020
XYL,Xylem Inc,82.29,4.95,6.40%,77.95,82.42,77.5,2012000,03/02/2020
Y,Alleghany Corp,719.72,47.47,7.06%,675.81,722.75,675.81,122700,03/02/2020
YUM,Yum! Brands,92.53,3.28,3.68%,89.25,92.55,89.21,2408900,03/02/2020
YUMC,Yum China Holdings Inc,44.29,0.5,1.14%,43.85,44.29,43.01,3540700,03/02/2020
Z,Zillow Group Cl C,54.4,-1.41,-2.53%,55.84,56.29,51.97,3987100,03/02/2020
ZAYO,Zayo Group Holdings Inc,34.94,-0.05,-0.14%,34.94,34.96,34.92,8341400,03/02/2020
ZBH,Zimmer Biomet Holdings,139.25,3.1,2.28%,136.78,139.28,134.75,1712300,03/02/2020
ZBRA,Zebra Technologies,221.71,10.74,5.09%,212.67,221.87,210.34,603000,03/02/2020
ZEN,Zendesk Inc,78.47,-0.84,-1.06%,79.88,80.98,76.23,2828700,03/02/2020
ZG,Zillow Grp Inc Cl A,54.62,-1.05,-1.89%,55.71,56.13,52.07,1012200,03/02/2020
ZION,Zions Bancorp,41.3,1.35,3.38%,39.74,41.31,38.82,5006600,03/02/2020
ZNGA,Zynga Inc Cl A,6.97,0.26,3.87%,6.84,6.99,6.72,19379600,03/02/2020
ZS,Zscaler Inc,52.78,0.79,1.52%,52.81,53.17,50.91,1990100,03/02/2020
ZTS,Zoetis Inc Cl A,138.91,5.68,4.26%,133.84,139.17,133.06,2881600,03/02/2020
Downloaded from Barchart.com as of 03-03-2020 05:53am CST,,,,,,,,,
